,Protein,Total lipid (fat),"Carbohydrate, by difference",Total Sugars,"Fiber, total dietary","Calcium, Ca","Iron, Fe","Magnesium, Mg","Phosphorus, P","Potassium, K","Sodium, Na","Zinc, Zn","Copper, Cu","Selenium, Se","Vitamin A, RAE",Vitamin E (alpha-tocopherol),Vitamin D (D2 + D3),Thiamin,Riboflavin,Niacin,Vitamin B-6,"Folate, total","Choline, total",Vitamin K (phylloquinone),"Folate, DFE","Vitamin B-12, added",Cholesterol,"Fatty acids, total saturated","Manganese, Mn"
almond,0.414,0.6756410256410257,0.07672727272727273,0.0088,0.34285714285714286,0.2023076923076923,0.22666666666666666,0.6333333333333333,0.4032,0.1576595744680851,0.10086956521739131,0.2872727272727273,1.0766666666666667,1.4545454545454546e-05,0.0,1.1066666666666667,0.0,0.07833333333333334,0.7176923076923077,0.243125,0.0488235294117647,0.000105,0.022521739130434783,0.0,0.105,0.0,0.0,0.211,0.0
amaretto,0.0,0.1282051282051282,0.1212,0.06666,0.0,0.0,0.0,0.0,0.0,0.0,0.029130434782608697,0.0,0.0,0.0,0.0,0.0,0.0,0.0,0.0,0.0,0.0,0.0,0.0,0.0,0.0,0.0,0.0,0.1665,0.0
anchovy,0.578,0.12448717948717948,0.0,0.0,0.0,0.17846153846153845,0.25722222222222224,0.16428571428571428,0.2016,0.11574468085106383,1.5956521739130434,0.22181818181818183,0.37666666666666665,0.0012381818181818182,0.013333333333333334,0.222,0.08499999999999999,0.065,0.2792307692307692,1.24375,0.11941176470588236,3.25e-05,0.03695652173913044,0.10083333333333333,0.0325,0.0,0.2833333333333333,0.11,0.0
anise,0.352,0.20384615384615384,0.1818909090909091,0.0,0.5214285714285715,0.4969230769230769,2.0533333333333332,0.40476190476190477,0.352,0.30659574468085105,0.006956521739130435,0.4818181818181818,1.011111111111111,9.09090909090909e-05,0.017777777777777778,0.0,0.0,0.2833333333333333,0.2230769230769231,0.19125,0.38235294117647056,2.5e-05,0.0,0.0,0.025,0.0,0.0,0.0293,1.0
apple,0.0,0.008333333333333333,0.051963636363636365,0.02078,0.11428571428571428,0.0,0.012777777777777779,0.0,0.0,0.023404255319148935,0.0,0.0,0.0,0.0,0.0,0.0,0.0,0.0,0.0,0.0,0.0,0.0,0.0,0.0,0.0,0.0,0.0,0.0,0.0
apple juice,0.0,0.0,0.045454545454545456,0.025,0.0,0.0,0.0,0.0,0.0,0.02297872340425532,0.0052173913043478265,0.0,0.0,0.0,0.0,0.0,0.0,0.0,0.0,0.0,0.0,0.0,0.0,0.0,0.0,0.0,0.0,0.0,0.0
apricot,0.0,0.0,0.0492,0.02706,0.0,0.0,0.0,0.0,0.0,0.015106382978723404,0.0026086956521739132,0.0,0.0,0.0,0.0,0.0,0.0,0.0,0.0,0.0,0.0,0.0,0.0,0.0,0.0,0.0,0.0,0.0,0.0
artichoke,0.0578,0.004358974358974359,0.04363636363636364,0.00198,0.20357142857142857,0.016153846153846154,0.03388888888888889,0.1,0.0584,0.060851063829787236,0.02608695652173913,0.03636363636363636,0.1411111111111111,3.6363636363636366e-06,0.0011111111111111111,0.012666666666666666,0.0,0.041666666666666664,0.06846153846153846,0.069375,0.04764705882352941,0.0002225,0.014956521739130434,0.12333333333333334,0.2225,0.0,0.0,0.00395,0.0
arugula,0.0564,0.008974358974358974,0.0128,0.00422,0.05,0.12461538461538461,0.08222222222222222,0.0,0.0,0.07787234042553191,0.01217391304347826,0.0,0.0,0.0,0.0,0.0,0.0,0.0,0.0,0.0,0.0,0.0001425,0.0,0.9041666666666667,0.0,0.0,0.0,0.0,0.0
asian pear,0.01,0.002948717948717949,0.03854545454545454,0.0141,0.12857142857142856,0.003076923076923077,0.0,0.01904761904761905,0.0088,0.02574468085106383,0.0,0.0018181818181818182,0.05555555555555555,1.8181818181818183e-06,0.0,0.008,0.0,0.0075,0.007692307692307693,0.0136875,0.012941176470588235,2e-05,0.002217391304347826,0.0375,0.02,0.0,0.0,0.0006,0.0
asparagus,0.047,0.0,0.012836363636363637,0.0047,0.08571428571428572,0.018461538461538463,0.13055555555555556,0.0,0.0,0.04297872340425532,0.0,0.0,0.0,0.0,0.0,0.0,0.0,0.0,0.0,0.0,0.0,0.0,0.0,0.0,0.0,0.0,0.0,0.0,0.0
avocado,0.038,0.5551282051282052,0.026763636363636364,0.01334,0.0035714285714285713,0.026153846153846153,0.019444444444444445,0.016666666666666666,0.0248,0.012340425531914894,0.3769565217391304,0.022727272727272728,0.011111111111111112,2.9090909090909093e-05,0.011111111111111112,0.30666666666666664,0.0,0.016666666666666666,0.038461538461538464,0.00875,0.0058823529411764705,1e-05,0.001565217391304348,0.8058333333333334,0.01,0.0,0.13333333333333333,0.299,0.0
bacon,0.6666,0.5983333333333334,0.0,0.0,0.0,0.0,0.0,0.0,0.0,0.0,0.782608695652174,0.0,0.0,0.0,0.0,0.0,0.0,0.0,0.0,0.0,0.0,0.0,0.0,0.0,0.0,0.0,0.3333333333333333,0.8335000000000001,0.0
banana,0.25,0.08012820512820513,0.1477090909090909,0.0125,0.22142857142857142,0.09615384615384616,0.06222222222222222,0.0,0.0,0.0,0.2582608695652174,0.0,0.0,0.0,0.0,0.0,0.0,0.0,0.0,0.0,0.0,0.0,0.0,0.0,0.0,0.0,0.0,0.0,0.0
barley,0.044,0.03512820512820513,0.0989090909090909,0.00056,0.13214285714285715,0.008461538461538461,0.07111111111111111,0.05,0.0424,0.019148936170212766,0.08652173913043479,0.07181818181818182,0.11222222222222222,0.00015090909090909093,0.02666666666666667,0.015333333333333332,0.005,0.06666666666666667,0.046153846153846156,0.124375,0.08588235294117647,4e-05,0.005826086956521739,0.0175,0.04,0.0,0.013333333333333334,0.0545,0.0
basil,0.0,0.0,0.0,0.0,0.0,0.0,0.0,0.0,0.0,0.0,0.0,0.0,0.0,0.0,0.0,0.0,0.0,0.0,0.0,0.0,0.0,0.0,0.0,0.0,0.0,0.0,0.0,0.0,0.0
bass,0.318,0.17564102564102563,0.042545454545454546,0.0004,0.017857142857142856,0.016923076923076923,0.06222222222222222,0.08571428571428572,0.136,0.046595744680851064,0.17173913043478262,0.04090909090909091,0.04666666666666667,0.0005618181818181818,0.035555555555555556,0.192,0.215,0.18,0.12307692307692308,0.14,0.16823529411764707,7e-05,0.02308695652173913,0.1,0.1025,0.0,0.12333333333333334,0.1025,0.0
bean,0.1088,0.047435897435897434,0.05781818181818182,0.00198,0.175,0.02,0.08888888888888889,0.09523809523809523,0.084,0.07829787234042553,0.19260869565217392,0.06272727272727273,0.21777777777777776,0.00014000000000000001,0.0,0.06066666666666667,0.0,0.075,0.07692307692307693,0.026875,0.06764705882352941,5.25e-05,0.00708695652173913,0.014166666666666666,0.0525,0.0,0.0,0.02645,0.0
beef,0.3362,0.14743589743589744,0.0,0.00176,0.15714285714285714,0.12230769230769231,0.20666666666666667,0.0,0.1064,0.13170212765957448,0.14217391304347826,0.6036363636363636,0.0,0.0,0.0,0.0,0.0,0.8333333333333334,0.17384615384615384,0.0,0.20823529411764705,0.0001775,0.0,0.0,0.0,0.0,0.0,0.2655,0.0
beef rib,0.4262,0.08692307692307692,0.0,0.0,0.0,0.011538461538461539,0.10111111111111111,0.047619047619047616,0.1472,0.07170212765957447,0.023478260869565216,0.35909090909090907,0.052222222222222225,5.272727272727272e-05,0.008888888888888889,0.04933333333333333,0.01,0.025,0.06923076923076923,0.269125,0.15,0.0,0.0,0.0,0.0,0.0,0.19,0.12265,0.0026086956521739132
beef shank,0.435,0.04935897435897436,0.0,0.0,0.0,0.015384615384615385,0.1288888888888889,0.03333333333333333,0.1632,0.0823404255319149,0.027391304347826086,0.6309090909090909,0.07888888888888888,0.0003218181818181818,0.0,0.0,0.0,0.08333333333333333,0.16923076923076924,0.35875,0.27647058823529413,2e-05,0.0,0.0,0.02,0.0,0.13,0.064,0.00608695652173913
beef tenderloin,0.4142,0.09717948717948718,0.0,0.0,0.0,0.0,0.12611111111111112,0.0,0.0,0.0,0.027391304347826086,0.0,0.0,0.0,0.0,0.0,0.0,0.0,0.0,0.0,0.0,0.0,0.0,0.0,0.0,0.0,0.17,0.177,0.0
beer,0.0092,0.0,0.012909090909090908,0.0,0.0,0.003076923076923077,0.0011111111111111111,0.014285714285714285,0.0112,0.00574468085106383,0.0017391304347826088,0.0009090909090909091,0.005555555555555556,1.0909090909090909e-05,0.0,0.0,0.0,0.004166666666666667,0.019230769230769232,0.0320625,0.027058823529411764,1.5e-05,0.004391304347826087,0.0,0.015,0.0,0.0,0.0,0.0
beet,0.016,0.0010256410256410256,0.059272727272727276,0.022,0.02857142857142857,0.008461538461538461,0.02277777777777778,0.03571428571428571,0.0136,0.02446808510638298,0.06478260869565218,0.023636363636363636,0.1288888888888889,1.8181818181818182e-05,0.0022222222222222222,0.004,0.0,0.008333333333333333,0.036923076923076927,0.0156875,0.029411764705882353,6.75e-05,0.006521739130434782,0.0025,0.0675,0.0,0.0,0.00065,0.0
bell pepper,0.0143,0.0013628205128205129,0.01737490909090909,0.0,0.03363928571428571,0.005766153846153846,0.010338888888888889,0.02143809523809524,0.0134,0.03470212765957447,0.0,0.011418181818181817,0.06416666666666666,0.0,0.0,0.0,0.0,0.032549999999999996,0.06826923076923076,0.03976875,0.1451764705882353,5.5525e-05,0.0,0.0,0.0,0.0,0.0,0.0,0.043439130434782605
berry,0.0152,0.004358974358974359,0.045454545454545456,0.01318,0.1464285714285714,0.013076923076923076,0.030555555555555555,0.03333333333333333,0.016,0.026382978723404255,0.0004347826086956522,0.015454545454545455,0.07111111111111111,7.272727272727273e-06,0.0033333333333333335,0.04666666666666667,0.0,0.024166666666666666,0.03076923076923077,0.0435625,0.03,5e-05,0.003434782608695652,0.09666666666666666,0.05,0.0,0.0,0.00115,0.0
bitters,0.0164,0.03487179487179487,0.015236363636363638,0.00378,0.06785714285714285,0.006923076923076923,0.020555555555555556,0.0380952380952381,0.028,0.06574468085106383,0.05521739130434783,0.06818181818181818,0.035555555555555556,3.6363636363636366e-06,0.01888888888888889,0.034666666666666665,0.0,0.04083333333333333,0.03923076923076923,0.0169375,0.03294117647058824,0.0001225,0.004652173913043478,0.05583333333333333,0.1225,0.0,0.006666666666666667,0.034,0.0
blackberry,0.0116,0.003717948717948718,0.018036363636363635,0.0029,0.060714285714285714,0.0015384615384615385,2.3333333333333335,0.0,0.0,0.0,0.0,0.0,0.0,0.0,0.0,0.0,0.0,0.0,0.0,0.0,0.0,0.0,0.0,0.0,0.0,0.0,0.0,0.0,0.0
blue cheese,0.4286,0.22897435897435897,0.012981818181818181,0.00714,0.12857142857142856,0.4123076923076923,0.0,0.0,0.0,0.0,0.59,0.0,0.0,0.0,0.0,0.0,0.0,0.0,0.0,0.0,0.0,0.0,0.0,0.0,0.0,0.0,0.18,0.625,0.0
blueberry,0.0,0.0,0.23636363636363636,0.12,0.0,0.0,0.0,0.0,0.0,0.0,0.0,0.0,0.0,0.0,0.0,0.0,0.0,0.0,0.0,0.0,0.0,0.0,0.0,0.0,0.0,0.0,0.0,0.0,0.0
boil,0.27,0.28205128205128205,0.07745454545454546,0.00494,0.3142857142857143,0.04230769230769231,0.05611111111111111,0.24285714285714285,0.1584,0.03829787234042553,0.3265217391304348,0.16636363636363635,0.5544444444444444,8e-05,0.0,0.2733333333333333,0.0,0.21583333333333332,0.04846153846153846,0.32875,0.08941176470588236,0.0001875,0.014217391304347828,0.0,0.1875,0.0,0.0,0.153,0.0
bok choy,0.020474999999999997,0.0029974358974358974,0.012781636363636363,0.0,0.044964285714285714,0.04763846153846154,0.02437777777777778,0.03247619047619048,0.024408,0.04846808510638298,0.0062043478260869565,0.024890909090909092,0.030644444444444446,0.0,0.0,0.0,0.0,0.0,0.0,0.0,0.0,0.00017,0.0,0.0,0.0,0.0,0.0,0.0,0.08530434782608697
bourbon,0.2142,0.36628205128205127,0.1948,0.07858,0.12857142857142856,0.0,0.23833333333333334,0.3404761904761905,0.0,0.09127659574468085,0.03869565217391304,0.48727272727272725,0.0,0.0,0.0,0.0,0.0,0.0,0.0,0.0,0.0,0.0,0.0,0.0,0.0,0.0,0.0,0.268,0.43478260869565216
braise,0.4876,0.06269230769230769,0.012472727272727272,0.0,0.0,0.005384615384615384,0.3761111111111111,0.047619047619047616,0.3432,0.05,0.030434782608695653,0.5518181818181818,3.098888888888889,0.0,0.0,0.0,0.0,0.16333333333333333,3.1538461538461537,0.67,0.5352941176470588,0.0005425,0.0,0.0,0.0,0.0,1.2966666666666666,0.0,0.17956521739130435
bran,0.192,0.07692307692307693,0.16218181818181818,0.0125,0.1357142857142857,0.07307692307692308,0.21944444444444444,0.10476190476190476,0.0976,0.03404255319148936,0.1991304347826087,0.09545454545454546,0.24,0.0005781818181818182,0.0,0.004666666666666667,0.0,0.3858333333333333,0.23846153846153847,0.279375,0.05411764705882353,0.0002775,0.011521739130434782,0.025833333333333333,0.4275,0.0,0.0,0.0695,0.0
brandy,0.0,0.0,0.0,0.0,0.0,0.0,0.0022222222222222222,0.0,0.0032,0.000425531914893617,0.0004347826086956522,0.0036363636363636364,0.023333333333333334,0.0,0.0,0.0,0.0,0.005,0.003076923076923077,0.0008125,0.000588235294117647,0.0,0.0,0.0,0.0,0.0,0.0,0.0,0.0
bread,0.0714,0.0,0.11687272727272727,0.0,0.12857142857142856,0.0,0.0,0.0,0.0,0.0,0.15391304347826087,0.0,0.0,0.0,0.0,0.0,0.0,0.0,0.0,0.0,0.0,0.0,0.0,0.0,0.0,0.0,0.0,0.0,0.0
breadcrumbs,0.0,0.0,0.0,0.0,0.0,0.0,0.0,0.0,0.0,0.0,0.0,0.0,0.0,0.0,0.0,0.0,0.0,0.0,0.0,0.0,0.0,0.0,0.0,0.0,0.0,0.0,0.0,0.0,0.0
brie,0.3572,0.41205128205128205,0.0,0.0,0.0,269.2307692307692,0.19833333333333333,0.0,0.0,0.0,0.31043478260869567,0.0,0.0,0.0,0.0,0.0,0.0,0.0,0.0,0.0,0.0,0.0,0.0,0.0,0.0,0.0,0.3566666666666667,1.0715,0.0
brine,0.798,0.38461538461538464,0.0,0.0,0.0,0.01769230769230769,0.25,0.0,0.0,0.14893617021276595,0.30130434782608695,0.0,0.0,0.0,0.0,0.0,0.0,0.05,0.2153846153846154,0.7375,0.0,0.0,0.0,0.0,0.0,0.0,0.3566666666666667,0.3485,0.0
brisket,0.588,0.15384615384615385,0.0,0.0,0.0,0.007692307692307693,0.15222222222222223,0.05238095238095238,0.1816,0.06063829787234042,0.16391304347826086,0.6363636363636364,0.12777777777777777,0.0004945454545454545,0.0011111111111111111,0.009333333333333334,0.01,0.059166666666666666,0.17076923076923076,0.23125,0.20823529411764705,2e-05,0.04565217391304348,0.014166666666666666,0.02,0.0,0.31333333333333335,0.231,0.0
broccoli,0.047,0.0,0.017127272727272727,0.00236,0.125,0.045384615384615384,0.04555555555555556,0.0,0.0,0.0451063829787234,0.010434782608695653,0.0,0.0,0.0,0.0,0.0,0.0,0.0,0.0,0.0,0.0,0.0,0.0,0.0,0.0,0.0,0.0,0.0,0.0
broccoli rabe,0.047,0.0,0.017127272727272727,0.00236,0.08571428571428572,0.06153846153846154,0.06555555555555556,0.0,0.0,0.07319148936170213,0.017826086956521738,0.0,0.0,0.0,0.0,0.0,0.0,0.0,0.0,0.0,0.0,0.0,0.0,0.0,0.0,0.0,0.0,0.0,0.0
brown rice,0.186,0.029871794871794873,0.27905454545454544,0.0,0.16785714285714284,0.036153846153846154,0.09277777777777778,0.0,0.0,0.0,0.0,0.0,0.0,0.0,0.0,0.0,0.0,0.0,0.0,0.0,0.0,0.0,0.0,0.0,0.0,0.0,0.0,0.0,0.0
brussel sprout,0.0676,0.0038461538461538464,0.032545454545454544,0.0044,0.1357142857142857,0.03230769230769231,0.07777777777777778,0.05476190476190476,0.0552,0.08276595744680851,0.010869565217391304,0.038181818181818185,0.07777777777777778,2.9090909090909093e-05,0.042222222222222223,0.058666666666666666,0.0,0.11583333333333333,0.06923076923076923,0.0465625,0.1288235294117647,0.0001525,0.008304347826086956,1.475,0.1525,0.0,0.0,0.0031,0.0
buffalo,0.7142,0.6867948717948718,0.012981818181818181,0.0,0.0,0.8238461538461539,0.0,0.0,0.0,0.02276595744680851,0.391304347826087,0.0,0.0,0.0,0.0,0.0,0.0,0.0,0.0,0.0,0.0,0.0,0.0,0.0,0.0,0.0,0.5366666666666666,1.7855,0.0
bulgur,0.25,0.029102564102564104,0.24381818181818182,0.00228,0.2857142857142857,0.03461538461538462,0.09111111111111111,0.0,0.0,0.0,0.004782608695652174,0.0,0.0,0.0,0.0,0.0,0.0,0.0,0.0,0.0,0.0,0.0,0.0,0.0,0.0,0.0,0.0,0.0285,0.0
butter,0.0236,0.0,0.008545454545454545,0.00236,0.04285714285714286,0.018461538461538463,0.07055555555555555,0.0,0.0,0.0,0.0,0.0,0.0,0.0,0.0,0.0,0.0,0.0,0.0,0.0,0.0,0.0,0.0,0.0,0.0,0.0,0.0,0.0,0.0
buttermilk,0.0692,0.013846153846153847,0.01749090909090909,0.01072,0.0,0.09230769230769231,0.0005555555555555556,0.02619047619047619,0.0736,0.03361702127659574,0.04,0.03909090909090909,0.0011111111111111111,3.6363636363636364e-05,0.04,0.0033333333333333335,0.025,0.04,0.15076923076923077,0.008,0.022941176470588236,1.25e-05,0.0076956521739130436,0.0008333333333333334,0.0125,0.0,0.016666666666666666,0.0276,0.0
butternut squash,0.0236,0.0,0.042763636363636365,0.0047,0.08571428571428572,0.036153846153846154,0.04722222222222222,0.0,0.0,0.0,0.0,0.0,0.0,0.0,0.0,0.0,0.0,0.0,0.0,0.0,0.0,0.0,0.0,0.0,0.0,0.0,0.0,0.0,0.0
cabbage,0.022,0.00641025641025641,0.008727272727272728,0.00212,0.05714285714285714,0.025384615384615384,0.1388888888888889,0.03333333333333333,0.0192,0.03212765957446809,0.2165217391304348,0.02,0.02666666666666667,9.090909090909091e-06,0.005555555555555556,0.007333333333333333,0.0,0.008333333333333333,0.16153846153846155,0.06875,0.12529411764705883,0.00013,0.006739130434782609,0.36333333333333334,0.13,0.0,0.0,0.00335,0.0
calvados,0.2858,0.41205128205128205,0.001309090909090909,0.00072,0.014285714285714285,0.0,0.0,0.0,0.0,0.0,0.1865217391304348,0.0,0.0,0.0,0.0,0.0,0.0,0.0,0.0,0.0,0.0,0.0,0.0,0.0,0.0,0.0,0.23666666666666666,0.7145,0.0
camping,0.0588,0.16974358974358975,0.09090909090909091,0.05,0.0,0.09076923076923077,0.0,0.0,0.0,0.0,0.057391304347826085,0.0,0.0,0.0,0.0,0.0,0.0,0.0,0.0,0.0,0.0,0.0,0.0,0.0,0.0,0.0,0.17,0.441,0.0
cantaloupe,0.015,0.0,0.032581818181818184,0.01642,0.025,0.011538461538461539,0.015,0.0,0.0,0.0,0.00826086956521739,0.0,0.0,0.0,0.0,0.0,0.0,0.0,0.0,0.0,0.0,0.0,0.0,0.0,0.0,0.0,0.0,0.0,0.0
capers,0.0,0.0,0.024254545454545456,0.0,0.2392857142857143,0.0,0.06666666666666667,0.0,0.0,0.0,1.1595652173913042,0.0,0.0,0.0,0.0,0.0,0.0,0.0,0.0,0.0,0.0,0.0,0.0,0.0,0.0,0.0,0.0,0.0,0.0
caraway,0.0,0.0,0.0,0.0,0.0,0.0,0.0,0.0,0.0,0.0,0.0,0.0,0.0,0.0,0.0,0.0,0.0,0.0,0.0,0.0,0.0,0.0,0.0,0.0,0.0,0.0,0.0,0.0,0.0
cardamom,0.0,0.0,0.0,0.0,0.0,0.0,0.0,0.0,0.0,0.0,0.0,0.0,0.0,0.0,0.0,0.0,0.0,0.0,0.0,0.0,0.0,0.0,0.0,0.0,0.0,0.0,0.0,0.0,0.0
carrot,0.0174,0.003076923076923077,0.0352,0.0095,0.10357142857142858,0.027692307692307693,0.006666666666666667,0.02857142857142857,0.028,0.0548936170212766,0.03260869565217391,0.01818181818181818,0.056666666666666664,0.0,0.8466666666666667,0.044,0.0,0.045,0.08153846153846153,0.066875,0.07647058823529412,0.0001,0.0035652173913043477,0.09416666666666668,0.1,0.0,0.0,0.0014,0.0
cashew,0.242,0.6794871794871795,0.11018181818181819,0.01818,0.10714285714285714,0.04692307692307692,0.2727777777777778,0.49047619047619045,0.3104,0.09510638297872341,0.1282608695652174,0.4027272727272727,1.9555555555555555,0.0001690909090909091,0.0,0.33866666666666667,0.0,0.13166666666666665,0.12230769230769231,0.069375,0.11941176470588236,0.0001375,0.021,0.2525,0.1375,0.0,0.0,0.53,0.0
cauliflower,0.047,0.0,0.017127272727272727,0.0047,0.08571428571428572,0.018461538461538463,0.03277777777777778,0.0,0.0,0.04,0.010434782608695653,0.0,0.0,0.0,0.0,0.0,0.0,0.0,0.0,0.0,0.0,0.0,0.0,0.0,0.0,0.0,0.0,0.0,0.0
caviar,0.492,0.22948717948717948,0.014545454545454545,0.0,0.0,0.21153846153846154,0.6611111111111111,0.7142857142857143,0.2848,0.03851063829787234,0.6521739130434783,0.08636363636363636,0.12222222222222222,0.001190909090909091,0.3011111111111111,0.126,0.145,0.15833333333333333,0.47692307692307695,0.0075,0.18823529411764706,0.000125,0.21347826086956523,0.005,0.125,0.0,1.96,0.20299999999999999,0.0
celery,0.0,0.0,0.013236363636363636,0.00364,0.06428571428571428,0.027692307692307693,0.018333333333333333,0.0,0.0,0.0,0.04565217391304348,0.0,0.0,0.0,0.0,0.0,0.0,0.0,0.0,0.0,0.0,0.0,0.0,0.0,0.0,0.0,0.0,0.0,0.0
chambord,0.0,0.0,0.20454545454545456,0.1,0.0,0.0,0.0,0.0,0.0,0.0,0.0,0.0,0.0,0.0,0.0,0.0,0.0,0.0,0.0,0.0,0.0,0.0,0.0,0.0,0.0,0.0,0.0,0.0,0.0
champagne,0.0032,0.0007692307692307692,0.04181818181818182,0.01904,0.0035714285714285713,0.006153846153846154,0.013888888888888888,0.01904761904761905,0.0088,0.017659574468085106,0.0017391304347826088,0.00909090909090909,0.035555555555555556,1.8181818181818183e-06,0.0,0.0006666666666666666,0.0,0.02,0.013846153846153847,0.0084375,0.03235294117647059,1.75e-05,0.0013043478260869566,0.0008333333333333334,0.0175,0.0,0.0,0.0002,0.0
chard,0.0376,0.03782051282051282,0.014181818181818183,0.0023,0.060714285714285714,0.04153846153846154,0.10444444444444445,0.2,0.0384,0.08404255319148936,0.15304347826086956,0.034545454545454546,0.20666666666666667,1.6363636363636363e-05,0.35,0.15866666666666668,0.0,0.03166666666666667,0.06846153846153846,0.02475,0.06764705882352941,2.75e-05,0.00826086956521739,7.216666666666667,0.0275,0.0,0.006666666666666667,0.03735,0.0
chartreuse,0.0,0.0014102564102564104,0.12072727272727274,0.06659999999999999,0.0,0.0,0.0022222222222222222,0.0,0.0024,0.000425531914893617,0.0004347826086956522,0.0027272727272727275,0.017777777777777778,3.6363636363636366e-06,0.0,0.0,0.0,0.0033333333333333335,0.006923076923076923,0.0005,0.000588235294117647,0.0,0.0,0.0,0.0,0.0,0.0,0.0,0.0
cheddar,0.5,0.41205128205128205,0.0,0.0,0.0,0.5492307692307692,0.0,0.0,0.0,0.0,0.27956521739130435,0.0,0.0,0.0,0.0,0.0,0.0,0.0,0.0,0.0,0.0,0.0,0.0,0.0,0.0,0.0,0.2966666666666667,0.893,0.0
cheese,0.4226,0.316025641025641,0.008945454545454545,0.0,0.0,0.0,0.0,0.0,0.0,0.0,0.2604347826086956,0.0,0.0,0.0,0.0,0.0,0.0,0.0,0.0,0.0,0.0,0.0,0.0,0.0,0.0,0.0,0.17666666666666667,0.8805,0.0
cherry,0.08,0.2564102564102564,0.15272727272727274,0.036,0.07142857142857142,0.03076923076923077,0.08,0.0,0.0,0.0,0.08695652173913043,0.0,0.0,0.0,0.0,0.0,0.0,0.0,0.0,0.0,0.0,0.0,0.0,0.0,0.0,0.0,0.0,0.35,0.0
chestnut,0.08,0.01282051282051282,0.16,0.02,0.21428571428571427,0.0,0.04,0.0,0.0,0.0,0.0,0.0,0.0,0.0,0.0,0.0,0.0,0.0,0.0,0.0,0.0,0.0,0.0,0.0,0.0,0.0,0.0,0.0,0.0
chicago,0.4286,0.32051282051282054,0.012981818181818181,0.00714,0.0,0.49153846153846154,0.0,0.0,0.0,0.01829787234042553,0.32608695652173914,0.0,0.0,0.0,0.0,0.0,0.0,0.0,0.0,0.0,0.0,0.0,0.0,0.0,0.0,0.0,0.2966666666666667,0.8035,0.0
chicken,0.4286,0.02294871794871795,0.0,0.0,0.0,0.0,0.0,0.0,0.0,0.0,0.07782608695652174,0.0,0.0,0.0,0.0,0.0,0.0,0.0,0.0,0.0,0.0,0.0,0.0,0.0,0.0,0.0,0.15,0.0445,0.0
chickpea,0.38,0.07692307692307693,0.22181818181818183,0.022,0.6071428571428571,0.07692307692307693,0.34,0.0,0.0,0.0,0.010434782608695653,0.0,0.0,0.0,0.0,0.0,0.0,0.0,0.0,0.0,0.0,0.0,0.0,0.0,0.0,0.0,0.0,0.05,0.0
chile,0.1568,0.2205128205128205,0.03781818181818182,0.003,0.025,0.15615384615384614,0.03722222222222222,0.03571428571428571,0.1184,0.025319148936170214,0.1934782608695652,0.10545454545454545,0.052222222222222225,0.00014000000000000001,0.07888888888888888,0.128,0.005,0.0975,0.14,0.059875,0.07823529411764706,7e-05,0.00491304347826087,0.10583333333333332,0.0925,0.0,0.1,0.305,0.0
chile pepper,0.2116,0.07448717948717949,0.2540363636363636,0.08212,1.025,0.03461538461538462,0.33555555555555555,0.20952380952380953,0.1272,0.39787234042553193,0.03956521739130435,0.09272727272727273,0.25333333333333335,6.363636363636364e-05,1.471111111111111,0.20933333333333334,0.0,0.0675,0.926923076923077,0.5418125,0.4764705882352941,0.0001275,0.03665217391304348,0.9016666666666667,0.1275,0.0,0.0,0.04065,0.35695652173913045
chili,0.1356,0.06512820512820512,0.02618181818181818,0.00254,0.02857142857142857,0.013076923076923076,0.03388888888888889,0.0,0.0,0.0,0.18217391304347827,0.0,0.0,0.0,0.0,0.0,0.0,0.0,0.0,0.0,0.0,0.0,0.0,0.0,0.0,0.0,0.05,0.0845,0.0
chive,0.0654,0.00935897435897436,0.015818181818181818,0.0037,0.08928571428571429,0.07076923076923076,0.08888888888888889,0.1,0.0464,0.06297872340425532,0.0013043478260869566,0.05090909090909091,0.17444444444444446,1.6363636363636363e-05,0.24222222222222223,0.014,0.0,0.065,0.08846153846153847,0.0404375,0.0811764705882353,0.0002625,0.002260869565217391,1.775,0.2625,0.0,0.0,0.0073,0.0
chocolate,0.0588,0.5656410256410257,0.17112727272727274,0.09412,0.10357142857142858,0.0,0.23555555555555555,0.0,0.0,0.0,0.012608695652173913,0.0,0.0,0.0,0.0,0.0,0.0,0.0,0.0,0.0,0.0,0.0,0.0,0.0,0.0,0.0,0.0,1.0295,0.0
cilantro,0.0,0.0,0.0,0.0,0.0,0.0,0.0,0.0,0.0,0.0,0.0,0.0,0.0,0.0,0.0,0.0,0.0,0.0,0.0,0.0,0.0,0.0,0.0,0.0,0.0,0.0,0.0,0.0,0.0
cinco de mayo,0.466,0.011025641025641025,0.0,0.0,0.14285714285714285,0.13846153846153847,0.24833333333333332,0.43333333333333335,0.3512,0.3170212765957447,0.0,0.3109090909090909,0.96,0.0,0.0,0.0,0.0,0.0,0.0,0.0,0.0,0.0,0.0,0.0,0.0,0.0,0.0,0.0,0.7391304347826086
cinnamon,0.0,0.0,0.0,0.0,0.0,0.0,0.0,0.0,0.0,0.0,0.0,0.0,0.0,0.0,0.0,0.0,0.0,0.0,0.0,0.0,0.0,0.0,0.0,0.0,0.0,0.0,0.0,0.0,0.0
citrus,0.0,0.0,0.04098181818181818,0.02084,0.0,0.006153846153846154,0.0,0.0,0.0,0.000851063829787234,0.004347826086956522,0.0,0.0,0.0,0.0,0.0,0.0,0.0,0.0,0.0,0.0,0.0,0.0,0.0,0.0,0.0,0.0,0.0,0.0
clam,0.236,0.10128205128205128,0.037454545454545456,0.0036,0.03571428571428571,0.03307692307692308,0.06888888888888889,0.047619047619047616,0.124,0.039361702127659576,0.1973913043478261,0.07090909090909091,0.08,0.00038363636363636367,0.07333333333333333,0.04733333333333333,0.01,0.13083333333333333,0.08076923076923077,0.1375,0.08588235294117647,4.75e-05,0.018347826086956523,0.06916666666666667,0.055,0.0,0.08333333333333333,0.111,0.0
clove,0.1194,0.16666666666666666,0.23829090909090908,0.00476,1.2107142857142856,0.48615384615384616,0.6572222222222223,0.6166666666666667,0.0832,0.2170212765957447,0.12043478260869565,0.2109090909090909,0.4088888888888889,0.0001309090909090909,0.008888888888888889,0.588,0.0,0.13166666666666665,0.16923076923076924,0.0975,0.23,6.25e-05,0.01626086956521739,1.1816666666666669,0.0625,0.0,0.0,0.1976,26.14217391304348
coconut,0.0714,0.45782051282051284,0.16883636363636365,0.08572,0.12857142857142856,0.0,0.10722222222222222,0.0,0.0,0.0,0.11347826086956522,0.0,0.0,0.0,0.0,0.0,0.0,0.0,0.0,0.0,0.0,0.0,0.0,0.0,0.0,0.0,0.0,1.607,0.0
cod,0.247,0.03769230769230769,0.019236363636363635,0.0,0.02142857142857143,0.026923076923076925,0.04722222222222222,0.0,0.0,0.0,0.1817391304347826,0.0,0.0,0.0,0.0,0.0,0.0,0.0,0.0,0.0,0.0,0.0,0.0,0.0,0.0,0.0,0.10666666666666667,0.0295,0.0
coffee,0.0476,0.30525641025641026,0.07792727272727273,0.0381,0.0,0.036923076923076927,0.0,0.0,0.0,0.0,0.04391304347826087,0.0,0.0,0.0,0.0,0.0,0.0,0.0,0.0,0.0,0.0,0.0,0.0,0.0,0.0,0.0,0.3566666666666667,0.7145,0.0
coffee grinder,0.0024,0.0002564102564102564,0.0,0.0,0.0,0.0015384615384615385,0.0005555555555555556,0.007142857142857143,0.0024,0.010425531914893617,0.0008695652173913044,0.0018181818181818182,0.0022222222222222222,0.0,0.0,0.0006666666666666666,0.0,0.011666666666666667,0.05846153846153846,0.0119375,0.000588235294117647,5e-06,0.0011304347826086956,0.0008333333333333334,0.005,0.0,0.0,0.0001,0.0
collard greens,0.047,0.0,0.021381818181818182,0.0,0.125,0.09076923076923077,0.0,0.0,0.0,0.0,0.00782608695652174,0.0,0.0,0.0,0.0,0.0,0.0,0.0,0.0,0.0,0.0,0.0,0.0,0.0,0.0,0.0,0.0,0.0,0.0
coriander,0.2474,0.22782051282051283,0.19996363636363637,0.0,1.4964285714285714,0.5453846153846154,0.9066666666666666,0.7857142857142857,0.3272,0.2695744680851064,0.015217391304347827,0.42727272727272725,1.0833333333333333,0.00047636363636363637,0.0,0.0,0.0,0.19916666666666666,0.2230769230769231,0.133125,0.0,0.0,0.0,0.0,0.0,0.0,0.0,0.0495,0.8260869565217391
corn,0.016,0.0,0.04654545454545454,0.0128,0.02857142857142857,0.002307692307692308,0.0,0.0,0.0,0.01446808510638298,0.10434782608695652,0.0,0.0,0.0,0.0,0.0,0.0,0.0,0.0,0.0,0.0,0.0,0.0,0.0,0.0,0.0,0.0,0.0,0.0
cornmeal,0.1464,0.03128205128205128,0.2838181818181818,0.00488,0.26071428571428573,0.0,0.13555555555555557,0.0,0.0,0.06851063829787234,0.0,0.0,0.0,0.0,0.0,0.0,0.0,0.0,0.0,0.0,0.0,0.0,0.0,0.0,0.0,0.0,0.0,0.0,0.0
cottage cheese,0.23,0.056666666666666664,0.012872727272727274,0.00708,0.0,0.06769230769230769,0.0,0.0,0.0,0.0225531914893617,0.18869565217391304,0.0,0.0,0.0,0.0,0.0,0.0,0.0,0.0,0.0,0.0,0.0,0.0,0.0,0.0,0.0,0.07333333333333333,0.155,0.0
couscous,0.2666,0.0,0.28283636363636366,0.00444,0.15714285714285714,0.025384615384615384,0.12333333333333334,0.0,0.0,0.04021276595744681,0.0,0.0,0.0,0.0,0.0,0.0,0.0,0.0,0.0,0.0,0.0,0.0,0.0,0.0,0.0,0.0,0.0,0.0,0.0
crab,0.358,0.009487179487179488,0.0,0.0,0.0,0.07,0.027777777777777776,0.08571428571428572,0.1872,0.0551063829787234,0.17173913043478262,0.3463636363636364,0.9044444444444445,0.00078,0.0011111111111111111,0.12266666666666666,0.0,0.019166666666666665,0.07153846153846154,0.171875,0.09176470588235294,0.0001275,0.035173913043478264,0.0025,0.1275,0.0,0.3233333333333333,0.01005,0.0
cranberry,0.0,0.0,0.045454545454545456,0.025,0.0,0.0,0.008333333333333333,0.0,0.0,0.0,0.006521739130434782,0.0,0.0,0.0,0.0,0.0,0.0,0.0,0.0,0.0,0.0,0.0,0.0,0.0,0.0,0.0,0.0,0.0,0.0
cranberry sauce,0.018,0.0019230769230769232,0.1469090909090909,0.0636,0.039285714285714285,0.002307692307692308,0.02277777777777778,0.004761904761904762,0.0032,0.005957446808510639,0.002173913043478261,0.0027272727272727275,0.028888888888888888,7.272727272727273e-06,0.0022222222222222222,0.062,0.0,0.0125,0.016153846153846154,0.00625,0.00823529411764706,2.5e-06,0.0016521739130434783,0.011666666666666665,0.0025,0.0,0.0,0.00035,0.0
cream cheese,0.0714,0.41205128205128205,0.03894545454545455,0.00714,0.0,0.0,0.0,0.0,0.0,0.0,0.11652173913043479,0.0,0.0,0.0,0.0,0.0,0.0,0.0,0.0,0.0,0.0,0.0,0.0,0.0,0.0,0.0,0.2966666666666667,1.0715,0.0
créme de cacao,0.0348,0.020256410256410257,0.056363636363636366,0.028,0.007142857142857143,0.043076923076923075,0.005555555555555556,0.02142857142857143,0.0424,0.01574468085106383,0.00782608695652174,0.025454545454545455,0.015555555555555555,2.9090909090909093e-05,0.015555555555555555,0.002,0.025,0.02666666666666667,0.05076923076923077,0.004375,0.01588235294117647,2.5e-06,0.003608695652173913,0.0016666666666666668,0.0025,0.0,0.016666666666666666,0.04175,0.0
cr��me de cacao,0.0348,0.020256410256410257,0.056363636363636366,0.028,0.007142857142857143,0.043076923076923075,0.005555555555555556,0.02142857142857143,0.0424,0.01574468085106383,0.00782608695652174,0.025454545454545455,0.015555555555555555,2.9090909090909093e-05,0.015555555555555555,0.002,0.025,0.02666666666666667,0.05076923076923077,0.004375,0.01588235294117647,2.5e-06,0.003608695652173913,0.0016666666666666668,0.0025,0.0,0.016666666666666666,0.04175,0.0
cucumber,0.01,0.0016666666666666668,0.02469090909090909,0.01066,0.017857142857142856,0.010769230769230769,0.0038888888888888888,0.01904761904761905,0.0152,0.029148936170212764,0.10260869565217391,0.013636363636363636,0.05,5.4545454545454545e-06,0.0033333333333333335,0.0013333333333333333,0.0,0.0175,0.018461538461538463,0.0045,0.02176470588235294,1.5e-05,0.0018695652173913043,0.12166666666666666,0.015,0.0,0.0,0.00135,0.0
cumin,0.3562,0.2855128205128205,0.16087272727272728,0.0045,0.375,0.7161538461538461,3.6866666666666665,0.8714285714285714,0.3992,0.38042553191489364,0.07304347826086957,0.43636363636363634,0.9633333333333334,9.454545454545455e-05,0.07111111111111111,0.222,0.0,0.5233333333333333,0.25153846153846154,0.2861875,0.25588235294117645,2.5e-05,0.010739130434782609,0.045000000000000005,0.025,0.0,0.0,0.07675,1.4491304347826086
currant,0.0686,0.0028205128205128207,0.28,0.1246,0.15714285714285714,0.06769230769230769,0.10444444444444445,0.08571428571428572,0.0792,0.16531914893617022,0.018695652173913044,0.03363636363636364,0.33111111111111113,1.2727272727272727e-05,0.0044444444444444444,0.007333333333333333,0.0,0.13333333333333333,0.10923076923076923,0.10125,0.17411764705882352,2.5e-05,0.004608695652173913,0.0275,0.025,0.0,0.0,0.00425,0.0
curry,0.0,0.0,0.0,0.0,0.0,0.0,0.0,0.0,0.0,0.0,0.0,0.0,0.0,0.0,0.0,0.0,0.0,0.0,0.0,0.0,0.0,0.0,0.0,0.0,0.0,0.0,0.0,0.0,0.0
dairy,0.0666,0.04269230769230769,0.016654545454545453,0.00916,0.0,0.08,0.0,0.0,0.0,0.0,0.02,0.0,0.0,0.0,0.0,0.0,0.0,0.0,0.0,0.0,0.0,0.0,0.0,0.0,0.0,0.0,0.05,0.104,0.0
date,0.049,0.005,0.2727272727272727,0.1268,0.2857142857142857,0.03,0.056666666666666664,0.10238095238095238,0.0496,0.13957446808510637,0.0008695652173913044,0.026363636363636363,0.2288888888888889,5.4545454545454546e-05,0.0,0.0033333333333333335,0.0,0.043333333333333335,0.05076923076923077,0.079375,0.09705882352941177,4.75e-05,0.0027391304347826086,0.022500000000000003,0.0475,0.0,0.0,0.0016,0.0
dill,0.0096,0.0055128205128205125,0.007236363636363636,0.0,0.03571428571428571,0.04153846153846154,0.012777777777777779,0.016904761904761905,0.0128,0.023829787234042554,0.35130434782608694,0.01,0.028888888888888888,0.0,0.0044444444444444444,0.008,0.0,0.03916666666666667,0.04384615384615385,0.0068125,0.02,2e-05,0.0,0.14,0.0,0.0,0.0,0.0,0.02434782608695652
dried fruit,0.0456,0.007948717948717949,0.2858181818181818,0.1326,0.17142857142857143,0.03,0.07222222222222222,0.05714285714285714,0.0512,0.11297872340425531,0.01391304347826087,0.025454545454545455,0.24333333333333335,1.6363636363636363e-05,0.027777777777777776,0.10133333333333333,0.0,0.05416666666666667,0.06692307692307692,0.063125,0.08588235294117647,2.5e-05,0.005130434782608695,0.0475,0.025,0.0,0.0,0.0052,0.0
duck,0.0072,0.0016666666666666668,0.22072727272727272,0.061,0.02142857142857143,0.008461538461538461,0.021666666666666667,0.011904761904761904,0.0072,0.01851063829787234,0.3095652173913043,0.019090909090909092,0.04111111111111111,2.3636363636363637e-05,0.008888888888888889,0.013333333333333334,0.0,0.019166666666666665,0.010769230769230769,0.0149375,0.018823529411764704,5e-06,0.0007391304347826087,0.0025,0.005,0.0,0.0,0.00255,0.0
eau de vie,0.0348,0.020256410256410257,0.056363636363636366,0.028,0.007142857142857143,0.043076923076923075,0.005555555555555556,0.02142857142857143,0.0424,0.01574468085106383,0.00782608695652174,0.025454545454545455,0.015555555555555555,2.9090909090909093e-05,0.015555555555555555,0.002,0.025,0.02666666666666667,0.05076923076923077,0.004375,0.01588235294117647,2.5e-06,0.003608695652173913,0.0016666666666666668,0.0025,0.0,0.016666666666666666,0.04175,0.0
egg,0.1282,0.3698717948717949,0.20978181818181818,0.10898,0.11428571428571428,0.09846153846153846,0.0,0.0,0.0,0.0,0.07652173913043478,0.0,0.0,0.0,0.0,0.0,0.0,0.0,0.0,0.0,0.0,0.0,0.0,0.0,0.0,0.0,0.10666666666666667,0.8015000000000001,0.0
egg nog,0.0788,0.08076923076923077,0.060145454545454544,0.0315,0.0,0.09076923076923077,0.0,0.0,0.0,0.0,0.029130434782608697,0.0,0.0,0.0,0.0,0.0,0.0,0.0,0.0,0.0,0.0,0.0,0.0,0.0,0.0,0.0,0.15666666666666668,0.197,0.0
eggplant,0.096,0.19230769230769232,0.029636363636363638,0.00562,0.1392857142857143,0.026923076923076925,0.09388888888888888,0.1976190476190476,0.1312,0.05617021276595745,0.0908695652173913,0.12363636363636364,0.43777777777777777,0.00017636363636363634,0.0077777777777777776,0.048,0.0,0.19166666666666668,0.09461538461538462,0.10125,0.11470588235294117,9.75e-05,0.004782608695652174,0.2025,0.0975,0.0,0.0,0.1095,0.0
endive,0.025,0.002564102564102564,0.012181818181818183,0.0005,0.11071428571428571,0.04,0.04611111111111111,0.03571428571428571,0.0224,0.06680851063829787,0.009565217391304347,0.07181818181818182,0.11,3.6363636363636366e-06,0.12,0.029333333333333333,0.0,0.06666666666666667,0.057692307692307696,0.025,0.011764705882352941,0.000355,0.007304347826086957,1.925,0.355,0.0,0.0,0.0024,0.1826086956521739
escarole,0.0236,0.0,0.012836363636363637,0.0,0.125,0.036153846153846154,0.0,0.0,0.0,0.06765957446808511,0.010434782608695653,0.0,0.0,0.0,0.0,0.0,0.0,0.0,0.0,0.0,0.0,0.0,0.0,0.0,0.0,0.0,0.0,0.0,0.0
fennel,0.0284,0.041282051282051285,0.030254545454545454,0.00896,0.125,0.043076923076923075,0.04666666666666667,0.04523809523809524,0.0456,0.10042553191489362,0.08782608695652173,0.02090909090909091,0.08333333333333333,1.4545454545454546e-05,0.07222222222222222,0.074,0.0,0.008333333333333333,0.026923076923076925,0.0433125,0.039411764705882354,6.5e-05,0.0066521739130434784,0.6166666666666667,0.065,0.0,0.006666666666666667,0.0443,0.0
feta,0.0,0.36628205128205127,0.03894545454545455,0.0,0.0,0.0,0.0,0.0,0.0,0.0,0.2952173913043478,0.0,0.0,0.0,0.0,0.0,0.0,0.0,0.0,0.0,0.0,0.0,0.0,0.0,0.0,0.0,0.0,1.25,0.0
fig,0.0,0.0,0.23636363636363636,0.13,0.0,0.011538461538461539,0.0,0.0,0.0,0.022340425531914895,0.002173913043478261,0.0,0.0,0.0,0.0,0.0,0.0,0.0,0.0,0.0,0.0,0.0,0.0,0.0,0.0,0.0,0.0,0.0,0.0
fish,0.2202,0.20807692307692308,0.07876363636363637,0.0033,0.05357142857142857,0.012307692307692308,0.04666666666666667,0.05952380952380952,0.1528,0.039361702127659576,0.17478260869565218,0.038181818181818185,0.06555555555555556,0.00028545454545454544,0.0044444444444444444,0.45866666666666667,0.0,0.10166666666666667,0.08923076923076922,0.096,0.04588235294117647,6e-05,0.018608695652173914,0.03916666666666667,0.06,0.0,0.09333333333333334,0.18665,0.0791304347826087
flat bread,0.445,0.009487179487179488,0.0,0.0,0.0,0.002307692307692308,0.2777777777777778,0.07380952380952381,0.1832,0.05106382978723404,0.06521739130434782,0.2727272727272727,0.22777777777777777,0.0005727272727272727,0.0,0.014666666666666666,0.0,0.20416666666666666,0.31846153846153846,0.424125,0.3423529411764706,3e-05,0.0,0.0,0.03,0.0,0.23666666666666666,0.00935,0.01217391304347826
fontina,0.512,0.39871794871794874,0.005636363636363636,0.0031,0.0,0.4230769230769231,0.012777777777777779,0.03333333333333333,0.2768,0.013617021276595745,0.34782608695652173,0.3181818181818182,0.027777777777777776,0.0002636363636363636,0.29,0.018,0.03,0.0175,0.15692307692307692,0.009375,0.0488235294117647,1.5e-05,0.0066956521739130435,0.021666666666666667,0.015,0.0,0.38666666666666666,0.96,0.0
fortified wine,0.0008,0.0,0.005890909090909091,0.00094,0.0,0.005384615384615384,0.012222222222222223,0.016666666666666666,0.0096,0.01276595744680851,0.004782608695652174,0.01090909090909091,0.0077777777777777776,1.8181818181818183e-06,0.0,0.0,0.0,0.0025,0.010769230769230769,0.0061875,0.018823529411764704,2.5e-06,0.0013043478260869566,0.0,0.0025,0.0,0.0,0.0,0.0
frangelico,0.2392,0.26474358974358975,0.013818181818181818,0.00544,0.0,0.008461538461538461,0.021666666666666667,0.0,0.0,0.0,0.12739130434782608,0.0,0.0,0.0,0.0,0.0,0.0,0.0,0.0,0.0,0.0,0.0,0.0,0.0,0.0,0.0,0.13666666666666666,0.163,0.0
fruit juice,0.0,0.0,0.04930909090909091,0.02288,0.014285714285714285,0.0,0.017222222222222222,0.0,0.0,0.018936170212765956,0.0026086956521739132,0.0,0.0,0.0,0.0,0.0,0.0,0.0,0.0,0.0,0.0,0.0,0.0,0.0,0.0,0.0,0.0,0.0,0.0
garlic,0.0,0.0,0.1212,0.0,0.0,0.5130769230769231,0.0,0.0,0.0,0.0,0.0,0.0,0.0,0.0,0.0,0.0,0.0,0.0,0.0,0.0,0.0,0.0,0.0,0.0,0.0,0.0,0.0,0.0,0.0
gin,0.0,0.0,0.0,0.0,0.0,0.0,0.0022222222222222222,0.0,0.0032,0.000425531914893617,0.0004347826086956522,0.0036363636363636364,0.023333333333333334,0.0,0.0,0.0,0.0,0.005,0.003076923076923077,0.0008125,0.000588235294117647,0.0,0.0,0.0,0.0,0.0,0.0,0.0,0.0
ginger,0.0,0.0,0.0,0.0,0.0,0.0,0.0,0.0,0.0,0.0,0.0,0.0,0.0,0.0,0.0,0.0,0.0,0.0,0.0,0.0,0.0,0.0,0.0,0.0,0.0,0.0,0.0,0.0,0.0
goat cheese,0.5,0.41205128205128205,0.0,0.0,0.0,0.5492307692307692,0.0,0.0,0.0,0.0,0.2952173913043478,0.0,0.0,0.0,0.0,0.0,0.0,0.0,0.0,0.0,0.0,0.0,0.0,0.0,0.0,0.0,0.32,1.0715,0.0
goose,0.0,1.2794871794871794,0.0,0.0,0.0,0.0,0.0,0.0,0.0,0.0,0.0,0.0,0.0,3.6363636363636366e-06,0.0,0.18,0.0,0.0,0.0,0.0,0.0,0.0,0.0,0.0,0.0,0.0,0.3333333333333333,1.385,0.0
gouda,0.5,0.41205128205128205,0.0,0.0,0.0,0.5492307692307692,0.0,0.0,0.0,0.0,0.40391304347826085,0.0,0.0,0.0,0.0,0.0,0.0,0.0,0.0,0.0,0.0,0.0,0.0,0.0,0.0,0.0,0.3566666666666667,1.0715,0.0
grains,0.2068,0.0208974358974359,0.27585454545454546,0.00196,0.5392857142857143,0.018461538461538463,0.1461111111111111,0.2619047619047619,0.2656,0.10851063829787234,0.0008695652173913044,0.2409090909090909,0.4077777777777778,0.00025272727272727274,0.0011111111111111111,0.056666666666666664,0.0,0.2633333333333333,0.1930769230769231,0.266875,0.17294117647058824,9.5e-05,0.013217391304347827,0.04916666666666667,0.095,0.0,0.0,0.00985,1.1204347826086956
grand marnier,0.0,0.0,0.2138909090909091,0.10588,0.21071428571428572,0.009230769230769232,0.0,0.0,0.0,0.008723404255319148,0.0,0.0,0.0,0.0,0.0,0.0,0.0,0.0,0.0,0.0,0.0,0.0,0.0,0.0,0.0,0.0,0.0,0.0,0.0
granola,0.2858,0.36628205128205127,0.16883636363636365,0.03572,0.25357142857142856,0.054615384615384614,0.21444444444444444,0.0,0.0,0.0,0.03869565217391304,0.0,0.0,0.0,0.0,0.0,0.0,0.0,0.0,0.0,0.0,0.0,0.0,0.0,0.0,0.0,0.0,0.1785,0.0
grape,0.0,0.0,0.04792727272727273,0.02636,0.0,0.0,0.0,0.0,0.0,0.0,0.0013043478260869566,0.0,0.0,0.0,0.0,0.0,0.0,0.0,0.0,0.0,0.0,0.0,0.0,0.0,0.0,0.0,0.0,0.0,0.0
grapefruit,0.0,0.0,0.03930909090909091,0.01982,0.0,0.0,0.0,0.0,0.0,0.0,0.0,0.0,0.0,0.0,0.0,0.0,0.0,0.0,0.0,0.0,0.0,0.0,0.0,0.0,0.0,0.0,0.0,0.0,0.0
green bean,0.0,0.0,0.015018181818181818,0.00166,0.060714285714285714,0.013076923076923076,0.016666666666666666,0.0,0.0,0.0,0.14,0.0,0.0,0.0,0.0,0.0,0.0,0.0,0.0,0.0,0.0,0.0,0.0,0.0,0.0,0.0,0.0,0.0,0.0
ground beef,0.3036,0.3434615384615385,0.0,0.0,0.0,0.013846153846153847,0.08944444444444444,0.0,0.0,0.0,0.029130434782608697,0.0,0.0,0.0,0.0,0.0,0.0,0.0,0.0,0.0,0.0,0.0,0.0,0.0,0.0,0.0,0.25333333333333335,0.491,0.0
ground lamb,0.3392,0.2633333333333333,0.0,0.0,0.0,0.0,0.08944444444444444,0.0,0.0,0.0,0.030869565217391304,0.0,0.0,0.0,0.0,0.0,0.0,0.0,0.0,0.0,0.0,0.0,0.0,0.0,0.0,0.0,0.25333333333333335,0.4465,0.0
guava,0.012,0.002564102564102564,0.040545454545454544,0.015,0.18571428571428572,0.015384615384615385,0.030555555555555555,0.0,0.0,0.05914893617021277,0.004347826086956522,0.0,0.0,0.0,0.0,0.0,0.0,0.0,0.0,0.0,0.0,0.0,0.0,0.0,0.0,0.0,0.0,0.002,0.0
halibut,0.4118,0.022564102564102566,0.0,0.0,0.0,0.018461538461538463,0.058888888888888886,0.0,0.0,0.0,0.023043478260869565,0.0,0.0,0.0,0.0,0.0,0.0,0.0,0.0,0.0,0.0,0.0,0.0,0.0,0.0,0.0,0.11666666666666667,0.0,0.0
ham,0.38,0.04961538461538462,0.005745454545454546,0.00308,0.0,0.006153846153846154,0.04666666666666667,0.047619047619047616,0.2208,0.07893617021276596,0.5,0.16727272727272727,0.13777777777777778,0.0006145454545454545,0.014444444444444444,0.014666666666666666,0.034999999999999996,0.355,0.14692307692307693,0.37875,0.24176470588235294,2.5e-06,0.0328695652173913,0.0,0.0025,0.0,0.18,0.064,0.0
hamburger,0.0706,0.04525641025641026,0.14974545454545454,0.00942,0.125,0.0,0.023333333333333334,0.0,0.0,0.0,0.14304347826086958,0.0,0.0,0.0,0.0,0.0,0.0,0.0,0.0,0.0,0.0,0.0,0.0,0.0,0.0,0.0,0.08,0.0295,0.0
hazelnut,0.1464,0.4065384615384615,0.204,0.09756,0.08571428571428572,0.1123076923076923,0.24388888888888888,0.0,0.0,0.0,0.03173913043478261,0.0,0.0,0.0,0.0,0.0,0.0,0.0,0.0,0.0,0.0,0.0,0.0,0.0,0.0,0.0,0.04,0.8535,0.0
herb,0.0,0.0,0.0007272727272727272,0.0,0.0,0.0015384615384615385,0.0044444444444444444,0.002380952380952381,0.0,0.0019148936170212765,0.0004347826086956522,0.0036363636363636364,0.016666666666666666,0.0,0.0011111111111111111,0.0,0.0,0.008333333333333333,0.003076923076923077,0.0,0.0,2.5e-06,0.0,0.0,0.0025,0.0,0.0,0.0001,0.019130434782608695
hollywood,0.0,1.0073076923076922,0.0,0.0,0.0,0.0,0.0,0.0,0.0,0.0,0.23304347826086957,0.0,0.0,0.0,0.0,0.0,0.0,0.0,0.0,0.0,0.0,0.0,0.0,0.0,0.0,0.0,0.12,0.5355,0.0
hominy/cornmeal/masa,0.029,0.037307692307692306,0.05018181818181818,0.00294,0.08571428571428572,0.007692307692307693,0.03333333333333333,0.0380952380952381,0.0272,0.0019148936170212765,0.21782608695652175,0.09272727272727273,0.03222222222222222,5.272727272727272e-05,0.023333333333333334,0.016666666666666666,0.0,0.0025,0.004615384615384616,0.002,0.021176470588235293,2.5e-06,0.0014782608695652175,0.011666666666666665,0.0025,0.0,0.013333333333333334,0.0505,0.0
honey,0.006,0.0,0.29963636363636365,0.16424,0.007142857142857143,0.004615384615384616,0.023333333333333334,0.004761904761904762,0.0032,0.011063829787234043,0.0017391304347826088,0.02,0.04,1.4545454545454546e-05,0.0,0.0,0.0,0.0,0.02923076923076923,0.0075625,0.01411764705882353,5e-06,0.0009565217391304348,0.0,0.005,0.0,0.0,0.0,0.034782608695652174
honeydew,0.0108,0.0017948717948717949,0.033054545454545455,0.016239999999999997,0.02857142857142857,0.004615384615384616,0.009444444444444445,0.023809523809523808,0.0088,0.04851063829787234,0.00782608695652174,0.008181818181818182,0.02666666666666667,1.2727272727272727e-05,0.0033333333333333335,0.0013333333333333333,0.0,0.03166666666666667,0.009230769230769232,0.026125,0.05176470588235294,4.75e-05,0.0033043478260869567,0.024166666666666666,0.0475,0.0,0.0,0.0019,0.0
horseradish,0.0236,0.008846153846153846,0.04109090909090909,0.01598,0.11785714285714285,0.043076923076923075,0.023333333333333334,0.06428571428571428,0.0248,0.0523404255319149,0.1826086956521739,0.07545454545454545,0.06444444444444444,5.090909090909091e-05,0.0,0.0006666666666666666,0.0,0.006666666666666667,0.018461538461538463,0.024125,0.04294117647058823,0.0001425,0.002826086956521739,0.010833333333333334,0.1425,0.0,0.0,0.0045,0.0
hot pepper,0.4286,0.32051282051282054,0.025963636363636362,0.0,0.0,0.4123076923076923,0.0,0.0,0.0,0.0,0.4969565217391304,0.0,0.0,0.0,0.0,0.0,0.0,0.0,0.0,0.0,0.0,0.0,0.0,0.0,0.0,0.0,0.3566666666666667,1.0715,0.0
iced coffee,0.0,0.0,0.0,0.0,0.0,0.0,0.0,0.0,0.0,0.0,0.0,0.0,0.0,0.0,0.0,0.0,0.0,0.0,0.0,0.0,0.0,0.0,0.0,0.0,0.0,0.0,0.0,0.0,0.0
iced tea,0.0,0.0,0.0,0.0,0.0,0.0,0.0,0.0,0.0,0.0,0.0,0.0,0.0,0.0,0.0,0.0,0.0,0.0,0.0,0.0,0.0,0.0,0.0,0.0,0.0,0.0,0.0,0.0,0.0
jalapeño,0.3448,0.33153846153846156,0.012545454545454545,0.00344,0.060714285714285714,0.04,0.01888888888888889,0.0,0.0,0.021914893617021276,0.3447826086956522,0.0,0.0,0.0,0.0,0.0,0.0,0.0,0.0,0.0,0.0,0.0,0.0,0.0,0.0,0.0,0.23,0.517,0.0
jam or jelly,0.0036,0.0003846153846153846,0.24399999999999997,0.0984,0.03571428571428571,0.008461538461538461,0.01611111111111111,0.011904761904761904,0.0072,0.01297872340425532,0.011304347826086957,0.005454545454545455,0.04,1.6363636363636363e-05,0.0,0.0033333333333333335,0.0,0.0075,0.02923076923076923,0.0038125,0.011176470588235295,1.25e-05,0.003956521739130435,0.0025,0.0125,0.0,0.0,0.0003,0.0
jerusalem artichoke,0.04,0.0001282051282051282,0.06341818181818182,0.0192,0.05714285714285714,0.010769230769230769,0.18888888888888888,0.04047619047619048,0.0624,0.09127659574468085,0.0017391304347826088,0.01090909090909091,0.15555555555555556,1.2727272727272727e-05,0.0011111111111111111,0.012666666666666666,0.0,0.16666666666666666,0.046153846153846156,0.08125,0.045294117647058825,3.25e-05,0.013043478260869565,0.0008333333333333334,0.0325,0.0,0.0,0.0,0.02608695652173913
kale,0.0708,0.011282051282051283,0.03538181818181818,0.0,0.06428571428571428,0.10230769230769231,0.08833333333333333,0.08333333333333333,0.0424,0.09510638297872341,0.019130434782608695,0.0,0.29444444444444445,0.0,0.0,0.0,0.0,0.0,0.09230769230769231,0.066375,0.15588235294117647,7e-05,0.0,6.9025,0.0,0.0,0.0,0.0,0.43478260869565216
kirsch,0.0,0.0014102564102564104,0.12072727272727274,0.06659999999999999,0.0,0.0,0.0022222222222222222,0.0,0.0024,0.000425531914893617,0.0004347826086956522,0.0027272727272727275,0.017777777777777778,3.6363636363636366e-06,0.0,0.0,0.0,0.0033333333333333335,0.006923076923076923,0.0005,0.000588235294117647,0.0,0.0,0.0,0.0,0.0,0.0,0.0,0.0
kiwi,0.027,0.008717948717948718,0.05403636363636364,0.01756,0.09642857142857143,0.031538461538461536,0.013333333333333334,0.0,0.0,0.06617021276595744,0.0,0.0,0.0,0.0,0.0,0.0,0.0,0.0,0.0,0.0,0.0,0.0,0.0,0.315,0.0,0.0,0.0,0.0,0.0
kumquat,0.0376,0.011025641025641025,0.05781818181818182,0.01872,0.23214285714285715,0.047692307692307694,0.04777777777777778,0.047619047619047616,0.0152,0.03957446808510638,0.004347826086956522,0.015454545454545455,0.10555555555555556,0.0,0.016666666666666666,0.01,0.0,0.030833333333333334,0.06923076923076923,0.0268125,0.021176470588235293,4.25e-05,0.0036521739130434784,0.0,0.0425,0.0,0.0,0.00515,0.0
lamb,0.3392,0.2633333333333333,0.0,0.0,0.0,0.0,0.08055555555555556,0.0,0.0,0.0,0.03304347826086956,0.0,0.0,0.0,0.0,0.0,0.0,0.0,0.0,0.0,0.0,0.0,0.0,0.0,0.0,0.0,0.23666666666666666,0.491,0.0
lamb chop,0.548,0.20897435897435898,0.0,0.0,0.0,0.015384615384615385,0.105,0.06190476190476191,0.1672,0.07425531914893617,0.16826086956521738,0.34363636363636363,0.1511111111111111,0.0005436363636363637,0.0,0.009333333333333334,0.005,0.08666666666666667,0.2023076923076923,0.4325,0.08470588235294117,5.25e-05,0.043478260869565216,0.035833333333333335,0.0525,0.0,0.3233333333333333,0.33,0.0
lamb shank,0.4018,0.1458974358974359,0.00032727272727272726,0.0,0.0,0.005384615384615384,0.07111111111111111,0.04523809523809524,0.1256,0.060851063829787236,0.03304347826086956,0.3527272727272727,0.08777777777777777,0.00011636363636363637,0.008888888888888889,0.018,0.0,0.08333333333333333,0.07384615384615385,0.255875,0.05529411764705883,0.0,0.0,0.0,0.0,0.0,0.22,0.23105,0.0034782608695652175
leafy green,0.16219999999999998,0.0941025641025641,0.023527272727272727,0.00182,0.03214285714285714,0.01,0.045,0.030952380952380953,0.0568,0.029574468085106383,0.1356521739130435,0.12636363636363637,0.04777777777777778,0.0001418181818181818,0.005555555555555556,0.06,0.0,0.03166666666666667,0.06615384615384616,0.103125,0.07647058823529412,3e-05,0.015,0.0875,0.03,0.0,0.07666666666666666,0.082,0.0
leek,0.0314,0.0391025641025641,0.053454545454545456,0.008140000000000001,0.06785714285714285,0.047692307692307694,0.12166666666666667,0.06904761904761905,0.0296,0.04,0.06565217391304348,0.011818181818181818,0.1388888888888889,1.8181818181818182e-05,0.10444444444444445,0.09133333333333334,0.0,0.04666666666666667,0.023076923076923078,0.02475,0.1388235294117647,0.0001425,0.004391304347826087,0.4266666666666667,0.1425,0.0,0.006666666666666667,0.0379,0.0
legume,0.5,0.011410256410256411,0.22076363636363636,0.00358,1.0857142857142856,0.054615384615384614,0.4466666666666666,0.0,0.0,0.0,0.06217391304347826,0.0,0.0,0.0,0.0,0.0,0.0,0.0,0.0,0.0,0.0,0.0,0.0,0.0,0.0,0.0,0.0,0.0,0.0
lemon,0.0,0.38461538461538464,0.024254545454545456,0.00666,0.0,0.0,0.0,0.0,0.0,0.0,0.34782608695652173,0.0,0.0,0.0,0.0,0.0,0.0,0.0,0.0,0.0,0.0,0.0,0.0,0.0,0.0,0.0,0.0,0.1665,0.0
lemon juice,0.0,0.0,0.0,0.0,0.0,0.0,0.0,0.0,0.0,0.0,0.0,0.0,0.0,0.0,0.0,0.0,0.0,0.0,0.0,0.0,0.0,0.0,0.0,0.0,0.0,0.0,0.0,0.0,0.0
lemongrass,0.026,0.01358974358974359,0.029818181818181813,0.0088,0.05357142857142857,0.01769230769230769,0.0,0.0,0.0,0.0,0.06304347826086956,0.0,0.0,0.0,0.0,0.0,0.0,0.0,0.0,0.0,0.0,0.0,0.0,0.0,0.0,0.0,0.0,0.0175,0.0
lentil,0.0736,0.07243589743589744,0.04472727272727273,0.00642,0.12142857142857143,0.019230769230769232,0.07888888888888888,0.05476190476190476,0.0624,0.062127659574468086,0.16652173913043478,0.053636363636363635,0.1711111111111111,2.7272727272727273e-05,0.04111111111111111,0.094,0.0,0.058333333333333334,0.047692307692307694,0.050375,0.07705882352941176,0.0001575,0.008304347826086956,0.07166666666666667,0.1575,0.0,0.0,0.0645,0.0
lettuce,0.0184,0.001282051282051282,0.013418181818181819,0.0022,0.04642857142857143,0.023846153846153847,0.014444444444444444,0.02619047619047619,0.0184,0.05297872340425532,0.01,0.023636363636363636,0.044444444444444446,1.0909090909090909e-05,0.33555555555555555,0.011333333333333334,0.0,0.055,0.04923076923076923,0.0201875,0.036470588235294116,9.5e-05,0.004565217391304348,0.6158333333333333,0.095,0.0,0.0,0.0013,0.0
lima bean,0.145,0.08794871794871795,0.07054545454545455,0.0054,0.23214285714285715,0.012307692307692308,0.1238888888888889,0.09523809523809523,0.0824,0.10042553191489362,0.09478260869565218,0.08,0.24222222222222223,7.636363636363636e-05,0.0,0.09333333333333334,0.0,0.11833333333333333,0.03769230769230769,0.02325,0.08352941176470588,0.0001825,0.013130434782608696,0.07,0.1825,0.0,0.0,0.0476,0.0
lime,0.1764,0.19230769230769232,0.14472727272727273,0.0746,0.02857142857142857,0.03,0.07444444444444444,0.047619047619047616,0.116,0.030425531914893618,0.03434782608695652,0.11363636363636363,0.1288888888888889,0.0003563636363636364,0.12222222222222222,0.056,0.075,0.08083333333333333,0.2053846153846154,0.0081875,0.036470588235294116,9e-05,0.07347826086956522,0.006666666666666667,0.09,0.0,0.8333333333333334,0.1365,0.0
lime juice,0.0,0.0,0.024254545454545456,0.00666,0.0,0.0,0.0,0.0,0.0,0.02127659574468085,0.0,0.0,0.0,0.0,0.0,0.0,0.0,0.0,0.0,0.0,0.0,0.0,0.0,0.0,0.0,0.0,0.0,0.0,0.0
lingonberry,0.0,0.0,0.16363636363636364,0.09,0.08928571428571429,0.0,0.0,0.0,0.0,0.0,0.0,0.0,0.0,0.0,0.0,0.0,0.0,0.0,0.0,0.0,0.0,0.0,0.0,0.0,0.0,0.0,0.0,0.0,0.0
liqueur,0.0,0.0014102564102564104,0.12072727272727274,0.06659999999999999,0.0,0.0,0.0022222222222222222,0.0,0.0024,0.000425531914893617,0.0004347826086956522,0.0027272727272727275,0.017777777777777778,3.6363636363636366e-06,0.0,0.0,0.0,0.0033333333333333335,0.006923076923076923,0.0005,0.000588235294117647,0.0,0.0,0.0,0.0,0.0,0.0,0.0,0.0
lobster,0.418,0.01217948717948718,0.0,0.0,0.0,0.08153846153846153,0.018333333333333333,0.11428571428571428,0.1632,0.05382978723404255,0.2326086956521739,0.40636363636363637,1.9,0.0014636363636363636,0.0011111111111111111,0.07333333333333333,0.0,0.018333333333333333,0.013076923076923076,0.119375,0.06941176470588235,2.25e-05,0.03869565217391304,0.0,0.0225,0.0,0.5366666666666666,0.01145,0.0
london,0.4286,0.057179487179487176,0.003236363636363636,0.0,0.0,0.027692307692307693,0.08944444444444444,0.0,0.0,0.0,0.2482608695652174,0.0,0.0,0.0,0.0,0.0,0.0,0.0,0.0,0.0,0.0,0.0,0.0,0.0,0.0,0.0,0.19333333333333333,0.0895,0.0
lychee,0.0166,0.0056410256410256415,0.06,0.0304,0.04642857142857143,0.0038461538461538464,0.017222222222222222,0.023809523809523808,0.0248,0.036382978723404256,0.0004347826086956522,0.006363636363636364,0.16444444444444445,1.0909090909090909e-05,0.0,0.004666666666666667,0.0,0.009166666666666667,0.05,0.0376875,0.058823529411764705,3.5e-05,0.0030869565217391303,0.0033333333333333335,0.035,0.0,0.0,0.00495,0.0
macadamia nut,0.1582,0.9714102564102564,0.050254545454545455,0.00914,0.30714285714285716,0.06538461538461539,0.205,0.30952380952380953,0.1504,0.07829787234042553,0.002173913043478261,0.11818181818181818,0.84,6.545454545454545e-05,0.0,0.036,0.0,0.9958333333333333,0.12461538461538461,0.1545625,0.16176470588235295,2.75e-05,0.0,0.0,0.0275,0.0,0.0,0.60305,1.7960869565217392
mango,0.05,0.0,0.3090909090909091,0.12,0.17857142857142858,0.02923076923076923,0.0,0.0,0.0,0.18617021276595744,0.0,0.0,0.0,0.0,0.0,0.0,0.0,0.0,0.0,0.0,0.0,0.0,0.0,0.0,0.0,0.0,0.0,0.0,0.0
maple syrup,0.0,0.0,0.31516363636363637,0.17334,0.0,0.07692307692307693,0.0,0.0,0.0,0.06021276595744681,0.0008695652173913044,0.0,0.0,0.0,0.0,0.0,0.0,0.0,0.0,0.0,0.0,0.0,0.0,0.0,0.0,0.0,0.0,0.0,0.0
margarita,0.0016,0.0010256410256410256,0.05854545454545455,0.032200000000000006,0.0,0.0015384615384615385,0.005,0.002380952380952381,0.004,0.004680851063829788,0.08869565217391304,0.005454545454545455,0.005555555555555556,5.4545454545454545e-06,0.0,0.0,0.0,0.009166666666666667,0.006153846153846154,0.0001875,0.0,0.0,0.0003043478260869565,0.0,0.0,0.0,0.0,0.0003,0.0
marsala,0.0,0.7325641025641025,0.0,0.0,0.0,0.0,0.0,0.0,0.0,0.0,0.7639130434782608,0.0,0.0,0.0,0.0,0.0,0.0,0.0,0.0,0.0,0.0,0.0,0.0,0.0,0.0,0.0,0.0,0.7145,0.0
martini,0.0014,0.0,0.0005454545454545455,0.0003,0.0,0.0007692307692307692,0.005,0.002380952380952381,0.004,0.0027659574468085106,0.0008695652173913044,0.0036363636363636364,0.022222222222222223,0.0,0.0,0.0,0.0,0.004166666666666667,0.0038461538461538464,0.0015625,0.002352941176470588,0.0,0.0003043478260869565,0.0,0.0,0.0,0.0,0.0,0.0
mayonnaise,0.0,0.9971794871794872,0.0,0.0,0.0,0.0,0.0,0.0,0.0,0.0,0.26565217391304347,0.0,0.0,0.0,0.0,0.0,0.0,0.0,0.0,0.0,0.0,0.0,0.0,0.0,0.0,0.0,0.18666666666666668,0.5555,0.0
meat,0.3572,0.14884615384615385,0.0,0.0,0.0,0.013846153846153847,0.035555555555555556,0.0,0.0,0.0,0.09695652173913044,0.0,0.0,0.0,0.0,0.0,0.0,0.0,0.0,0.0,0.0,0.0,0.0,0.0,0.0,0.0,0.19333333333333333,0.20099999999999998,0.0
melon,0.0132,0.0020512820512820513,0.030072727272727272,0.0148,0.025,0.005384615384615384,0.014444444444444444,0.02619047619047619,0.0104,0.03531914893617021,0.006956521739130435,0.019090909090909092,0.05555555555555555,1.6363636363636363e-05,0.09777777777777778,0.0026666666666666666,0.0,0.03333333333333333,0.015384615384615385,0.026875,0.03411764705882353,3e-05,0.002782608695652174,0.01583333333333333,0.03,0.0,0.0,0.00175,0.0
mezcal,0.0666,0.0,0.04847272727272727,0.00666,0.0,0.0,0.0,0.0,0.0,0.0,0.2608695652173913,0.0,0.0,0.0,0.0,0.0,0.0,0.0,0.0,0.0,0.0,0.0,0.0,0.0,0.0,0.0,0.0,0.0,0.0
midori,0.0,0.0,0.0,0.0,0.0,0.0,0.0,0.0,0.0,0.0,0.0,0.0,0.0,0.0,0.0,0.0,0.0,0.0,0.0,0.0,0.0,0.0,0.0,0.0,0.0,0.0,0.0,0.0,0.0
mint,0.0,0.0,0.38276363636363636,0.21052,0.0,0.0,0.0,0.0,0.0,0.0,0.0,0.0,0.0,0.0,0.0,0.0,0.0,0.0,0.0,0.0,0.0,0.0,0.0,0.0,0.0,0.0,0.0,0.0,0.0
molasses,0.0,0.001282051282051282,0.2716363636363636,0.1494,0.0,0.1576923076923077,0.26222222222222225,0.5761904761904761,0.0248,0.31063829787234043,0.01608695652173913,0.026363636363636363,0.5411111111111111,0.00032363636363636367,0.0,0.0,0.0,0.034166666666666665,0.0015384615384615385,0.058125,0.3941176470588235,0.0,0.005782608695652174,0.0,0.0,0.0,0.0,0.0009,0.0
monterey jack,0.4666,0.38461538461538464,0.0,0.0,0.0,0.5130769230769231,0.0,0.0,0.0,0.0,0.2682608695652174,0.0,0.0,0.0,0.0,0.0,0.0,0.0,0.0,0.0,0.0,0.0,0.0,0.0,0.0,0.0,0.3333333333333333,1.0,0.0
mozzarella,0.4286,0.32051282051282054,0.012981818181818181,0.0,0.0,0.4123076923076923,0.0,0.0,0.0,0.0,0.07782608695652174,0.0,0.0,0.0,0.0,0.0,0.0,0.0,0.0,0.0,0.0,0.0,0.0,0.0,0.0,0.0,0.23666666666666666,0.7145,0.0
mushroom,0.0176,0.07935897435897436,0.019309090909090908,0.0,0.03214285714285714,0.02076923076923077,0.04888888888888889,0.0,0.0,0.07148936170212766,0.15782608695652173,0.0,0.0,0.0,0.0,0.0,0.0,0.0,0.0,0.0,0.0,0.0,0.0,0.0,0.0,0.0,0.0,0.044,0.0
mussel,0.302,0.03641025641025641,0.01698181818181818,0.0,0.0,0.025384615384615384,0.2777777777777778,0.10238095238095238,0.1992,0.08617021276595745,0.15739130434782608,0.18363636363636363,0.1322222222222222,0.001030909090909091,0.06444444444444444,0.04666666666666667,0.0,0.14333333333333334,0.1946153846153846,0.12,0.033529411764705884,0.0001,0.035782608695652175,0.0008333333333333334,0.1,0.0,0.11666666666666667,0.0269,0.0
mustard,0.085,0.043333333333333335,0.01927272727272727,0.00284,0.15357142857142858,0.04846153846153846,0.08833333333333333,0.11428571428571428,0.0864,0.031914893617021274,0.4782608695652174,0.05818181818181818,0.08222222222222222,0.0006181818181818182,0.0044444444444444444,0.023333333333333334,0.0,0.1575,0.05076923076923077,0.0350625,0.04058823529411765,1.75e-05,0.009739130434782608,0.0125,0.0175,0.0,0.0,0.0126,0.0
mustard greens,0.0706,0.0,0.017127272727272727,0.00236,0.125,0.08153846153846153,0.06555555555555556,0.0,0.0,0.07510638297872341,0.010434782608695653,0.0,0.0,0.0,0.0,0.0,0.0,0.0,0.0,0.0,0.0,0.0,0.0,0.0,0.0,0.0,0.0,0.0,0.0
nectarine,0.0212,0.0035897435897435897,0.03338181818181818,0.01578,0.05357142857142857,0.0015384615384615385,0.016666666666666666,0.02142857142857143,0.0208,0.027872340425531914,0.005652173913043478,0.019090909090909092,0.09111111111111111,0.0,0.023333333333333334,0.04066666666666666,0.0,0.028333333333333332,0.02076923076923077,0.07,0.014705882352941176,1.5e-05,0.0026956521739130435,0.016666666666666666,0.015,0.0,0.0,0.0,0.0
noodle,0.064,0.06794871794871794,0.06909090909090909,0.003,0.05,0.0,0.0,0.0,0.0,0.0,0.0,0.0,0.0,0.0,0.0,0.0,0.0,0.0,0.0,0.0,0.0,0.0,0.0,0.0,0.0,0.0,0.0,0.0,0.0
nut,0.348846,0.4982051282051282,0.1319589090909091,0.0,0.14657142857142857,0.03226923076923077,0.33266666666666667,0.5966666666666667,0.42576,0.13580851063829788,0.0020691304347826085,0.461,2.4644444444444447,0.00037581818181818186,0.0,0.0,0.0,0.0,0.0,0.0,0.0,0.0,0.0,0.0,0.0,0.0,0.0,0.0,0.8473913043478261
nutmeg,0.0,1.2820512820512822,0.0,0.0,0.0,0.0,0.0,0.0,0.0,0.0,0.0,0.0,0.0,0.0,0.0,0.013333333333333334,0.0,0.0,0.0,0.0,0.0,0.0,0.0,0.0,0.0,0.0,0.0,4.5,0.0
oat,0.0132,0.029871794871794873,0.019527272727272726,0.00408,0.017857142857142856,0.11923076923076924,0.011666666666666667,0.01904761904761905,0.016,0.003829787234042553,0.018695652173913044,0.017272727272727273,0.03222222222222222,2.7272727272727273e-05,0.0,0.024666666666666667,0.08499999999999999,0.019166666666666665,0.006153846153846154,0.0035,0.0029411764705882353,5e-06,0.0008695652173913044,0.0125,0.005,0.20833333333333334,0.0,0.00935,0.0
oatmeal,0.0,0.08551282051282051,0.24243636363636364,0.0,0.31785714285714284,0.2561538461538462,1.3333333333333333,0.0,0.0,0.0,0.004782608695652174,0.0,0.0,0.0,0.0,0.0,0.0,0.0,0.0,0.0,0.0,0.0,0.0,0.0,0.0,0.0,0.0,0.0,0.0
octopus,0.264,0.16666666666666666,0.04872727272727273,0.0004,0.017857142857142856,0.04230769230769231,0.2733333333333333,0.06666666666666667,0.1312,0.06170212765957447,0.2252173913043478,0.13,0.3977777777777778,0.0006763636363636364,0.03888888888888889,0.21066666666666667,0.0,0.1375,0.07846153846153846,0.15875,0.15235294117647058,8.25e-05,0.024478260869565217,0.1,0.1175,0.0,0.14333333333333334,0.092,0.0
okra,0.06,0.0,0.02909090909090909,0.0,0.03571428571428571,0.06153846153846154,0.03,0.0,0.0,0.0,0.0013043478260869566,0.0,0.0,0.0,0.0,0.0,0.0,0.0,0.0,0.0,0.0,0.0,0.0,0.0,0.0,0.0,0.0,0.0,0.0
olive,0.0146,0.38461538461538464,0.015163636363636364,0.00032,0.06428571428571428,0.046153846153846156,0.18888888888888888,0.011904761904761904,0.0024,0.003617021276595745,0.3630434782608696,0.01090909090909091,0.18,1.2727272727272727e-05,0.015555555555555555,0.4093333333333333,0.0,0.006666666666666667,0.0015384615384615385,0.005625,0.00823529411764706,2.5e-06,0.004130434782608695,0.0525,0.0025,0.0,0.0,0.2425,0.0
onion,0.2188,0.01,0.21592727272727272,0.01406,0.08214285714285714,0.012307692307692308,0.19555555555555557,0.0,0.0,0.0,0.18695652173913044,0.0,0.0,0.0,0.0,0.0,0.0,0.8333333333333334,0.2553846153846154,0.293,0.0,0.0,0.0,0.0,0.0,0.0,0.0,0.0,0.0
orange,0.0952,0.0,0.3290181818181818,0.18096,0.0,0.0,0.0,0.0,0.0,0.0,0.1656521739130435,0.0,0.0,0.0,0.0,0.0,0.0,0.0,0.0,0.0,0.0,0.0,0.0,0.0,0.0,0.0,0.0,0.0,0.0
orange juice,0.0166,0.0,0.039381818181818184,0.01834,0.0,0.1123076923076923,0.0,0.023809523809523808,0.0,0.04,0.0,0.0,0.0,0.0,0.0,0.0,0.0,0.0,0.0,0.0104375,0.019411764705882354,6.25e-05,0.0,0.0,0.0,0.0,0.0,0.0,0.0
oregano,0.0,0.0,0.0,0.0,0.0,0.0,0.0,0.0,0.0,0.0,0.0,0.0,0.0,0.0,0.0,0.0,0.0,0.0,0.0,0.0,0.0,0.0,0.0,0.0,0.0,0.0,0.0,0.0,0.0
orzo,0.25,0.02294871794871795,0.2857090909090909,0.00714,0.12857142857142856,0.0,0.17833333333333334,0.0,0.0,0.0,0.0,0.0,0.0,0.0,0.0,0.0,0.0,0.8333333333333334,0.23384615384615384,0.3348125,0.0,0.0,0.0,0.0,0.0,0.0,0.0,0.0,0.0
oyster,0.099,0.13846153846153847,0.0669090909090909,0.00524,0.04285714285714286,0.07461538461538461,0.13444444444444445,0.04285714285714286,0.0536,0.02893617021276596,0.21869565217391304,0.9090909090909091,0.8033333333333333,0.00022727272727272727,0.1111111111111111,0.08933333333333333,0.02,0.12333333333333334,0.08692307692307692,0.115,0.041176470588235294,8e-05,0.010521739130434783,0.2708333333333333,0.115,0.0,0.03333333333333333,0.107,0.0
papaya,0.05,0.0,0.23636363636363636,0.08,0.35714285714285715,0.11538461538461539,0.0,0.0,0.0,0.0,0.00782608695652174,0.0,0.0,0.0,0.0,0.0,0.0,0.0,0.0,0.0,0.0,0.0,0.0,0.0,0.0,0.0,0.0,0.0,0.0
paprika,0.0,0.0,0.0,0.0,0.0,0.0,0.0,0.0,0.0,0.0,0.0,0.0,0.0,0.0,0.0,0.0,0.0,0.0,0.0,0.0,0.0,0.0,0.0,0.0,0.0,0.0,0.0,0.0,0.0
parmesan,0.5684,0.3569230769230769,0.05058181818181818,0.00014,0.0,0.6561538461538462,0.02722222222222222,0.08095238095238096,0.5016,0.03829787234042553,0.7843478260869565,0.38181818181818183,0.044444444444444446,0.0006254545454545455,0.2911111111111111,0.035333333333333335,0.025,0.021666666666666667,0.2753846153846154,0.005,0.04764705882352941,1.5e-05,0.0061304347826086954,0.014166666666666666,0.015,0.0,0.2866666666666667,0.76855,0.030869565217391304
parsley,0.0,0.0,0.0,0.0,0.0,0.0,0.0,0.0,0.0,0.0,0.0,0.0,0.0,0.0,0.0,0.0,0.0,0.0,0.0,0.0,0.0,0.0,0.0,0.0,0.0,0.0,0.0,0.0,0.0
parsnip,0.0258,0.03641025641025641,0.06,0.0093,0.125,0.027692307692307693,0.03111111111111111,0.06666666666666667,0.0536,0.07574468085106383,0.056956521739130433,0.022727272727272728,0.14888888888888888,2.9090909090909093e-05,0.012222222222222223,0.09,0.0,0.06666666666666667,0.038461538461538464,0.0438125,0.06235294117647059,0.00014,0.011478260869565217,0.025833333333333333,0.14,0.0,0.006666666666666667,0.03575,0.0
passion fruit,0.0222,0.0,0.024254545454545456,0.0,0.0,0.0,0.06666666666666667,0.0,0.0,0.0,0.0026086956521739132,0.0,0.0,0.0,0.0,0.0,0.0,0.0,0.0,0.0,0.0,0.0,0.0,0.0,0.0,0.0,0.0,0.0,0.0
pasta,0.25,0.02294871794871795,0.2857090909090909,0.00714,0.12857142857142856,0.0,0.17833333333333334,0.0,0.0,0.0,0.0,0.0,0.0,0.0,0.0,0.0,0.0,0.8333333333333334,0.23384615384615384,0.3348125,0.0,0.0,0.0,0.0,0.0,0.0,0.0,0.0,0.0
pastry,0.148,0.4935897435897436,0.16618181818181818,0.0015,0.05357142857142857,0.007692307692307693,0.14444444444444443,0.0380952380952381,0.048,0.013191489361702127,0.11,0.04909090909090909,0.12777777777777777,0.00044545454545454543,0.0,0.03666666666666667,0.0,0.26916666666666667,0.19846153846153847,0.2375,0.011176470588235295,0.0001375,0.0026956521739130435,0.13583333333333333,0.2175,0.0,0.0,0.275,0.0
pea,0.282,0.18076923076923077,0.22618181818181818,0.0282,0.1357142857142857,0.09461538461538462,0.2111111111111111,0.24285714285714285,0.216,0.15574468085106383,0.13043478260869565,0.3009090909090909,0.49333333333333335,0.0001309090909090909,0.08555555555555555,0.154,0.0,0.5116666666666667,0.24153846153846154,0.31625,0.32235294117647056,0.000345,0.025173913043478262,0.41916666666666663,0.345,0.0,0.0,0.2645,0.0
peach,0.0888,0.28487179487179487,0.19392727272727273,0.05778,0.07857142857142857,0.016923076923076923,0.08888888888888889,0.0,0.0,0.0,0.14956521739130435,0.0,0.0,0.0,0.0,0.0,0.0,0.0,0.11615384615384615,0.111125,0.0,9e-05,0.0,0.0,0.0,0.0,0.22333333333333333,0.222,0.0
peanut,0.1818,0.3496153846153846,0.2204,0.10304,0.10714285714285714,0.04692307692307692,0.06055555555555556,0.0,0.0,0.0,0.01956521739130435,0.0,0.0,0.0,0.0,0.0,0.0,0.0,0.0,0.0,0.0,0.0,0.0,0.0,0.0,0.0,0.05,0.5305,0.0
peanut butter,0.444,0.658974358974359,0.08109090909090909,0.021,0.17857142857142858,0.03769230769230769,0.09666666666666666,0.4,0.268,0.11872340425531915,0.18521739130434783,0.22818181818181818,0.4688888888888889,7.454545454545454e-05,0.0,0.6066666666666667,0.0,0.125,0.1476923076923077,0.81875,0.25941176470588234,0.0002175,0.027391304347826086,0.0025,0.2175,0.0,0.0,0.515,0.0
pear,0.0074,0.0019230769230769232,0.05527272727272727,0.01946,0.11071428571428571,0.006923076923076923,0.01,0.016666666666666666,0.0088,0.022127659574468085,0.0013043478260869566,0.008181818181818182,0.08555555555555555,1.8181818181818183e-06,0.0011111111111111111,0.008,0.0,0.01,0.02,0.010125,0.01647058823529412,1.75e-05,0.002217391304347826,0.035,0.0175,0.0,0.0,0.0011,0.0
pecan,0.1834,0.9226923076923077,0.0504,0.00794,0.34285714285714286,0.05384615384615385,0.14055555555555554,0.28809523809523807,0.2216,0.08723404255319149,0.0,0.4118181818181818,1.3333333333333333,6.909090909090908e-05,0.0033333333333333335,0.09333333333333334,0.0,0.55,0.1,0.0729375,0.12352941176470589,5.5e-05,0.017608695652173913,0.029166666666666667,0.055,0.0,0.0,0.309,1.9565217391304348
pepper,0.0,0.0,0.24243636363636364,0.0,1.189285714285714,0.33615384615384614,1.6055555555555556,0.0,0.0,0.0,0.0,0.0,0.0,0.0,0.0,0.0,0.0,0.0,0.0,0.0,0.0,0.0,0.0,0.0,0.0,0.0,0.0,0.0,0.0
pernod,0.1518,0.26782051282051283,0.057527272727272726,0.00126,0.04642857142857143,0.1576923076923077,0.17555555555555555,0.0,0.0,0.02106382978723404,0.18695652173913044,0.0,0.0,0.0,0.0,0.0,0.0,0.0,0.0,0.0,0.0,0.0,0.0,0.0,0.0,0.0,0.21,0.6015,0.0
persimmon,0.0308,0.008461538461538461,0.34945454545454546,0.1602,0.34285714285714286,0.016923076923076923,0.023333333333333334,0.05714285714285714,0.036,0.09127659574468085,0.0013043478260869566,0.02727272727272727,0.33666666666666667,3.454545454545454e-05,0.12,0.12933333333333333,0.0,0.04666666666666667,0.04384615384615385,0.0149375,0.14058823529411765,2.75e-05,0.008782608695652174,0.0575,0.0275,0.0,0.0,0.00265,0.0
pine nut,0.274,0.8769230769230769,0.047636363636363636,0.00718,0.13214285714285715,0.012307692307692308,0.30722222222222223,0.5976190476190476,0.46,0.1270212765957447,0.0008695652173913044,0.5863636363636363,1.4666666666666666,1.2727272727272727e-05,0.0011111111111111111,0.622,0.0,0.30333333333333334,0.17461538461538462,0.274375,0.05529411764705883,8.5e-05,0.02426086956521739,0.44916666666666666,0.085,0.0,0.0,0.245,0.0
pineapple,0.0,0.0,0.2857090909090909,0.12858000000000003,0.15357142857142858,0.027692307692307693,0.035555555555555556,0.0,0.0,0.0,0.00782608695652174,0.0,0.0,0.0,0.0,0.0,0.0,0.0,0.0,0.0,0.0,0.0,0.0,0.0,0.0,0.0,0.0,0.0,0.0
pistachio,0.4,0.5983333333333334,0.09698181818181818,0.01334,0.35714285714285715,0.10230769230769231,0.26666666666666666,0.47619047619047616,0.4,0.0,0.16652173913043478,0.0,1.481111111111111,0.0,0.0,0.0,0.0,0.0,0.0,0.0,0.5882352941176471,0.0,0.0,0.0,0.0,0.0,0.0,0.3335,0.0
plantain,0.0456,0.37948717948717947,0.232,0.00184,0.125,0.006923076923076923,0.05388888888888889,0.16904761904761906,0.0624,0.1672340425531915,0.08782608695652173,0.03363636363636364,0.22,7.272727272727273e-06,0.07666666666666666,0.336,0.0,0.05416666666666667,0.03076923076923077,0.050125,0.27058823529411763,8.75e-05,0.0,0.23833333333333334,0.0875,0.0,0.0,0.417,0.0
plum,0.014,0.0035897435897435897,0.04145454545454545,0.01984,0.05,0.004615384615384616,0.009444444444444445,0.016666666666666666,0.0128,0.03340425531914894,0.0,0.00909090909090909,0.06333333333333334,0.0,0.01888888888888889,0.017333333333333333,0.0,0.023333333333333334,0.02,0.0260625,0.017058823529411765,1.25e-05,0.0008260869565217392,0.05333333333333334,0.0125,0.0,0.0,0.00085,0.0
poach,0.248,0.1276923076923077,0.003490909090909091,0.0004,0.0,0.036923076923076927,0.09277777777777778,0.02619047619047619,0.1472,0.028085106382978724,0.05608695652173913,0.11272727272727273,0.0,0.0005654545454545455,0.2,0.07,0.125,0.051666666666666666,0.30615384615384617,0.0,0.03529411764705882,0.0001325,0.11652173913043479,0.0025,0.1325,0.0,1.37,0.16,0.0
poblano,0.1142,0.5128205128205128,0.12469090909090909,0.0,0.20357142857142857,0.07307692307692308,0.2111111111111111,0.0,0.0,0.17319148936170212,0.3352173913043478,0.0,0.0,0.0,0.0,0.0,0.0,0.0,0.0,0.0,0.0,0.0,0.0,0.0,0.0,0.0,0.0,0.2855,0.0
pomegranate,0.0,0.0,0.043927272727272725,0.02416,0.0,0.006153846153846154,0.0,0.0,0.0,0.0,0.006521739130434782,0.0,0.0,0.0,0.0,0.0,0.0,0.0,0.0,0.0,0.0,0.0,0.0,0.0,0.0,0.0,0.0,0.0,0.0
pomegranate juice,0.0,0.0,0.044690909090909094,0.02204,0.0,0.03230769230769231,0.0,0.0,0.0,0.06191489361702128,0.0,0.0,0.0,0.0,0.0,0.0,0.0,0.0,0.0,0.0,0.0,0.0,0.0,0.0,0.0,0.0,0.0,0.0,0.0
poppy,0.0184,0.42692307692307685,0.08618181818181818,0.0468,0.010714285714285714,0.045384615384615384,0.013888888888888888,0.02142857142857143,0.0392,0.01297872340425532,0.4056521739130435,0.022727272727272728,0.03888888888888889,2.1818181818181818e-05,0.056666666666666664,0.15733333333333333,0.005,0.02,0.04461538461538461,0.0029375,0.012941176470588235,7.5e-06,0.0026086956521739132,0.41833333333333333,0.0075,0.0,0.05,0.303,0.0
pork,0.4286,0.057179487179487176,0.0,0.0,0.0,0.0,0.07166666666666667,0.0,0.0,0.0,0.09304347826086956,0.0,0.0,0.0,0.0,0.0,0.0,0.0,0.0,0.0,0.0,0.0,0.0,0.0,0.0,0.0,0.26666666666666666,0.134,0.0
pork chop,0.368,0.1158974358974359,0.028436363636363638,0.0,0.03571428571428571,0.011538461538461539,0.04055555555555555,0.05238095238095238,0.1392,0.06234042553191489,0.18,0.12181818181818181,0.0811111111111111,0.0007381818181818182,0.03111111111111111,0.028666666666666667,0.02,0.37333333333333335,0.12538461538461537,0.36125,0.24176470588235294,8.75e-05,0.024956521739130436,0.025833333333333333,0.1425,0.0,0.15333333333333332,0.1335,0.0
pork rib,0.324,0.1935897435897436,0.044,0.01978,0.010714285714285714,0.03230769230769231,0.04611111111111111,0.0380952380952381,0.0968,0.05021276595744681,0.29478260869565215,0.19818181818181818,0.10666666666666667,0.0004127272727272727,0.0077777777777777776,0.027333333333333334,0.04,0.27166666666666667,0.19,0.3425,0.18176470588235294,2.5e-06,0.024652173913043477,0.004166666666666667,0.0025,0.0,0.19333333333333333,0.2715,0.0
pork tenderloin,0.3572,0.028589743589743588,0.009745454545454545,0.0,0.0,0.0,0.0,0.0,0.0,0.0,0.13217391304347825,0.0,0.0,0.0,0.0,0.0,0.0,0.0,0.0,0.0,0.0,0.0,0.0,0.0,0.0,0.0,0.18,0.0445,0.0
port,0.4756,0.36153846153846153,0.0020727272727272725,0.00114,0.0,0.5,0.02388888888888889,0.05714285714285714,0.288,0.02893617021276596,0.23217391304347826,0.23636363636363636,0.024444444444444446,0.0002636363636363636,0.35,0.016,0.025,0.011666666666666667,0.18461538461538463,0.00375,0.031176470588235295,4.5e-05,0.0066956521739130435,0.02,0.045,0.0,0.41,0.8345499999999999,0.004782608695652174
potato,0.0778,0.14487179487179488,0.04909090909090909,0.00296,0.05357142857142857,0.025384615384615384,0.041666666666666664,0.030952380952380953,0.0616,0.046595744680851064,0.09521739130434782,0.04,0.02,0.00011454545454545455,0.07111111111111111,0.104,0.025,0.08916666666666667,0.11,0.062,0.054705882352941174,4.75e-05,0.02334782608695652,0.06666666666666667,0.0575,0.0,0.24666666666666667,0.1555,0.0
poultry,0.0142,0.03358974358974359,0.019236363636363635,0.0006,0.0035714285714285713,0.007692307692307693,0.005,0.007142857142857143,0.016,0.008936170212765958,0.1691304347826087,0.007272727272727273,0.021111111111111112,7.272727272727273e-06,0.0011111111111111111,0.006666666666666667,0.0,0.02,0.040769230769230766,0.0178125,0.014705882352941176,5e-06,0.001608695652173913,0.005,0.005,0.0,0.016666666666666666,0.03195,0.0
poultry sausage,0.0142,0.03358974358974359,0.019236363636363635,0.0006,0.0035714285714285713,0.007692307692307693,0.005,0.007142857142857143,0.016,0.008936170212765958,0.1691304347826087,0.007272727272727273,0.021111111111111112,7.272727272727273e-06,0.0011111111111111111,0.006666666666666667,0.0,0.02,0.040769230769230766,0.0178125,0.014705882352941176,5e-06,0.001608695652173913,0.005,0.005,0.0,0.016666666666666666,0.03195,0.0
prosciutto,0.5,0.27474358974358976,0.0,0.0,0.0,0.0,0.07166666666666667,0.0,0.0,0.0,0.9939130434782608,0.0,0.0,0.0,0.0,0.0,0.0,0.0,0.0,0.0,0.0,0.0,0.0,0.0,0.0,0.0,0.2966666666666667,0.625,0.0
prune,0.042,0.002564102564102564,0.2367272727272727,0.078,0.11785714285714285,0.023846153846153847,0.15555555555555556,0.0,0.0576,0.18127659574468086,0.01,0.0,0.0,0.0,0.1111111111111111,0.0,0.0,0.03333333333333333,0.0,0.15625,0.0,0.0,0.0,0.0,0.0,0.0,0.0,0.0008,0.0
pumpkin,0.016,0.0,0.032,0.0064,0.11428571428571428,0.018461538461538463,0.08888888888888889,0.0,0.0,0.0,0.0017391304347826088,0.0,0.0,0.0,0.0,0.0,0.0,0.0,0.0,0.0,0.0,0.0,0.0,0.0,0.0,0.0,0.0,0.0,0.0
quail,0.5,0.1794871794871795,0.0,0.0,0.0,0.011538461538461539,0.245,0.05238095238095238,0.2224,0.045744680851063826,0.09304347826086956,0.2809090909090909,0.6555555555555556,0.00039454545454545455,0.07777777777777778,0.04666666666666667,0.01,0.1825,0.23,0.493125,0.3629411764705882,1.5e-05,0.028521739130434782,0.035,0.015,0.0,0.2866666666666667,0.197,0.0
quince,0.008,0.001282051282051282,0.05563636363636364,0.0,0.06785714285714285,0.008461538461538461,0.03888888888888889,0.01904761904761905,0.0136,0.041914893617021276,0.0017391304347826088,0.0036363636363636364,0.14444444444444443,1.0909090909090909e-05,0.0022222222222222222,0.0,0.0,0.016666666666666666,0.023076923076923078,0.0125,0.023529411764705882,7.5e-06,0.0,0.0,0.0075,0.0,0.0,0.0005,0.0
quinoa,0.2,0.05128205128205128,0.2545454545454545,0.004,0.21428571428571427,0.03076923076923077,0.16,0.0,0.0,0.0,0.26956521739130435,0.0,0.0,0.0,0.0,0.0,0.0,0.0,0.0,0.0,0.0,0.0,0.0,0.0,0.0,0.0,0.0,0.0,0.0
rabbit,0.602,0.10692307692307693,0.0,0.0,0.0,0.015384615384615385,0.13055555555555556,0.047619047619047616,0.1792,0.06340425531914894,0.14956521739130435,0.21363636363636362,0.19444444444444445,0.0006945454545454546,0.0,0.029333333333333333,0.0,0.05,0.13,0.44375,0.19823529411764707,2.25e-05,0.05217391304347826,0.013333333333333334,0.0225,0.0,0.2833333333333333,0.1245,0.0
rack of lamb,0.3976,0.1276923076923077,0.0001818181818181818,0.0,0.0,0.006153846153846154,0.07555555555555556,0.05238095238095238,0.1488,0.06893617021276596,0.026956521739130435,0.19727272727272727,0.11222222222222222,5.090909090909091e-05,0.0077777777777777776,0.023333333333333334,0.005,0.051666666666666666,0.13230769230769232,0.314,0.13941176470588235,0.0,0.0,0.0,0.0,0.0,0.20666666666666667,0.21525,0.0034782608695652175
radicchio,0.04,0.0,0.014545454545454545,0.002,0.10714285714285714,0.015384615384615385,0.02,0.02857142857142857,0.044,0.029787234042553193,0.01956521739130435,0.08181818181818182,0.8444444444444444,0.0,0.0,0.0,0.0,0.0,0.0,0.0,0.0,0.00015,0.0,1.4133333333333333,0.0,0.0,0.0,0.0,0.0
radish,0.0136,0.001282051282051282,0.012363636363636363,0.00372,0.05714285714285714,0.019230769230769232,0.01888888888888889,0.023809523809523808,0.016,0.049574468085106384,0.016956521739130436,0.025454545454545455,0.05555555555555555,1.0909090909090909e-05,0.0,0.0,0.0,0.01,0.03,0.015875,0.04176470588235294,6.25e-05,0.002826086956521739,0.010833333333333334,0.0625,0.0,0.0,0.0016,0.0
raisin,0.2034,0.05435897435897436,0.19105454545454545,0.0339,0.12142857142857143,0.026153846153846153,0.16944444444444445,0.0,0.0,0.0,0.15478260869565216,0.0,0.0,0.0,0.0,0.0,0.0,0.0,0.22153846153846155,0.211875,0.0,0.0,0.0,0.0,0.0,0.0,0.0,0.0,0.0
raspberry,0.0,0.0,0.04847272727272727,0.02584,0.0,0.0,0.0,0.0,0.0,0.0274468085106383,0.0034782608695652175,0.0,0.0,0.0,0.0,0.0,0.0,0.0,0.0,0.0,0.0,0.0,0.0,0.0,0.0,0.0,0.0,0.0,0.0
red wine,0.0014,0.0,0.009490909090909092,0.00124,0.0,0.006153846153846154,0.025555555555555557,0.02857142857142857,0.0184,0.02702127659574468,0.0017391304347826088,0.012727272727272728,0.012222222222222223,3.6363636363636366e-06,0.0,0.0,0.0,0.004166666666666667,0.023846153846153847,0.014,0.033529411764705884,2.5e-06,0.0024782608695652175,0.0033333333333333335,0.0025,0.0,0.0,0.0,0.0
rhubarb,0.0162,0.0028205128205128207,0.06327272727272727,0.0288,0.05714285714285714,0.05615384615384615,0.011111111111111112,0.02619047619047619,0.0104,0.049574468085106384,0.0017391304347826088,0.008181818181818182,0.02,2e-05,0.0044444444444444444,0.016,0.0,0.011666666666666667,0.021538461538461538,0.015125,0.011764705882352941,1e-05,0.002391304347826087,0.21916666666666668,0.01,0.0,0.0,0.00235,0.0
rice,0.0694,0.031153846153846153,0.09596363636363636,0.00278,0.05,0.021538461538461538,0.10444444444444445,0.0,0.0,0.0,0.20217391304347826,0.0,0.0,0.0,0.0,0.0,0.0,0.0,0.0,0.0,0.0,0.0,0.0,0.0,0.0,0.0,0.0,0.0,0.0
ricotta,0.192,0.12128205128205129,0.02181818181818182,0.00058,0.0,0.19076923076923077,0.015,0.04285714285714286,0.1376,0.03787234042553191,0.04434782608695652,0.08636363636363636,0.01888888888888889,0.0002018181818181818,0.13,0.011333333333333334,0.01,0.02666666666666667,0.19692307692307692,0.0076875,0.03529411764705882,2e-05,0.007347826086956522,0.005,0.02,0.0,0.13333333333333333,0.2975,0.0
root vegetable,0.0306,0.0019230769230769232,0.06305454545454546,0.0058,0.11785714285714285,0.031538461538461536,0.044444444444444446,0.09047619047619047,0.0408,0.06553191489361702,0.002173913043478261,0.03,0.08555555555555555,1.2727272727272727e-05,0.0,0.025333333333333333,0.0,0.008333333333333333,0.023076923076923078,0.01875,0.1411764705882353,5.75e-05,0.00508695652173913,0.013333333333333334,0.0575,0.0,0.0,0.00125,0.10086956521739131
rosemary,0.0,0.0,0.0,0.0,0.0,0.0,0.0,0.0,0.0,0.0,0.0,0.0,0.0,0.0,0.0,0.0,0.0,0.0,0.0,0.0,0.0,0.0,0.0,0.0,0.0,0.0,0.0,0.0,0.0
rum,0.0,0.0,0.0,0.0,0.0,0.0,0.0022222222222222222,0.0,0.0032,0.000425531914893617,0.0004347826086956522,0.0036363636363636364,0.023333333333333334,0.0,0.0,0.0,0.0,0.005,0.003076923076923077,0.0008125,0.000588235294117647,0.0,0.0,0.0,0.0,0.0,0.0,0.0,0.0
rutabaga,0.02,0.0,0.02909090909090909,0.012,0.10714285714285714,0.03076923076923077,0.02,0.0,0.0,0.0,0.0013043478260869566,0.0,0.0,0.0,0.0,0.0,0.0,0.0,0.0,0.0,0.0,0.0,0.0,0.0,0.0,0.0,0.0,0.0,0.0
rye,0.1396,0.029871794871794873,0.1776,0.0,0.20714285714285716,0.05384615384615385,0.16277777777777777,0.0,0.0,0.0,0.28304347826086956,0.0,0.0,0.0,0.0,0.0,0.0,0.0,0.0,0.0,0.0,0.0,0.0,0.0,0.0,0.0,0.0,0.058,0.0
saffron,0.0,0.0,0.0,0.0,0.0,0.0,0.0,0.0,0.0,0.0,0.0,0.0,0.0,0.0,0.0,0.0,0.0,0.0,0.0,0.0,0.0,0.0,0.0,0.0,0.0,0.0,0.0,0.0,0.0
sage,0.0,0.0,0.0,0.0,0.0,0.0,0.0,0.0,0.0,0.0,0.0,0.0,0.0,0.0,0.0,0.0,0.0,0.0,0.0,0.0,0.0,0.0,0.0,0.0,0.0,0.0,0.0,0.0,0.0
sake,0.01,0.0,0.01818181818181818,0.0,0.0,0.0038461538461538464,0.005555555555555556,0.014285714285714285,0.0048,0.005319148936170213,0.0008695652173913044,0.0018181818181818182,0.01,2.5454545454545454e-05,0.0,0.0,0.0,0.0,0.0,0.0,0.0,0.0,0.0,0.0,0.0,0.0,0.0,0.0,0.0
salmon,0.3046,0.10192307692307692,0.009636363636363636,0.0,0.025,0.01,0.02666666666666667,0.0,0.0,0.0,0.14391304347826087,0.0,0.0,0.0,0.0,0.0,0.0,0.0,0.0,0.0,0.0,0.0,0.0,0.0,0.0,0.0,0.15333333333333332,0.066,0.0
sangria,0.0,0.0,0.36363636363636365,0.18824,0.0,0.0,0.0,0.0,0.0,0.0,0.09739130434782609,0.0,0.0,0.0,0.0,0.0,0.0,0.0,0.0,0.0,0.0,0.0,0.0,0.0,0.0,0.0,0.0,0.0,0.0
sardine,0.358,0.10205128205128206,0.07963636363636363,0.00474,0.03571428571428571,0.2353846153846154,0.17333333333333334,0.08095238095238096,0.2576,0.05808510638297872,0.16130434782608696,0.10181818181818182,0.17555555555555555,0.00072,0.02,0.082,0.135,0.225,0.17923076923076922,0.314375,0.07882352941176471,0.0001375,0.020956521739130436,0.0125,0.205,0.0,0.2633333333333333,0.0605,0.0
sausage,0.2134,0.22217948717948718,0.04363636363636364,0.0,0.04642857142857143,0.02076923076923077,0.2,0.0,0.0,0.0,0.8752173913043478,0.0,0.0,0.0,0.0,0.0,0.0,0.0,0.0,0.0,0.0,0.0,0.0,0.0,0.0,0.0,0.13333333333333333,0.2665,0.0
scallop,0.222,0.16025641025641027,0.051272727272727275,0.0004,0.017857142857142856,0.014615384615384615,0.06555555555555556,0.05238095238095238,0.2216,0.03829787234042553,0.2026086956521739,0.07636363636363637,0.05,0.00023272727272727274,0.0033333333333333335,0.15,0.0,0.125,0.06461538461538462,0.09625,0.03705882352941176,8.25e-05,0.024478260869565217,0.1,0.1175,0.0,0.08333333333333333,0.088,0.0
scotch,0.0,0.0,0.0,0.0,0.0,0.0,0.0022222222222222222,0.0,0.0032,0.000425531914893617,0.0004347826086956522,0.0036363636363636364,0.023333333333333334,0.0,0.0,0.0,0.0,0.005,0.003076923076923077,0.0008125,0.000588235294117647,0.0,0.0,0.0,0.0,0.0,0.0,0.0,0.0
seafood,0.1606,0.06102564102564102,0.059636363636363626,0.00184,0.025,0.013846153846153847,0.06666666666666667,0.03333333333333333,0.0696,0.023829787234042554,0.2647826086956522,0.06272727272727273,0.08777777777777777,0.0002018181818181818,0.027777777777777776,0.06,0.0,0.10666666666666667,0.06692307692307692,0.1425,0.06352941176470588,8.25e-05,0.01026086956521739,0.02333333333333333,0.1225,0.0,0.08333333333333333,0.05,0.0
seed,0.106,0.029487179487179487,0.11636363636363636,0.0,0.17142857142857143,0.04692307692307692,0.03333333333333333,0.11904761904761904,0.0992,0.18617021276595744,0.01,0.07545454545454545,1.1877777777777778,0.0,0.013333333333333334,0.0,0.0,0.24166666666666667,0.13076923076923078,0.33125,0.17529411764705882,0.0001225,0.0,0.0,0.1225,0.0,0.0,0.03105,0.057391304347826085
semolina,0.2174,0.02782051282051282,0.28458181818181816,0.0,0.07857142857142857,0.0,0.19333333333333333,0.0,0.0,0.017659574468085106,0.009565217391304347,0.0,0.0,0.0,0.0,0.0,0.0,0.0,0.0,0.0,0.0,0.0,0.0,0.0,0.0,0.0,0.0,0.0,0.0
sesame,0.062,0.5794871794871795,0.03127272727272727,0.01664,0.03571428571428571,0.014615384615384615,0.03333333333333333,0.0,0.0296,0.03340425531914894,0.43478260869565216,0.00909090909090909,0.0,2.9090909090909093e-05,0.0022222222222222222,0.3333333333333333,0.0,0.0,0.0,0.0,0.0,0.0,0.0017391304347826088,0.4666666666666667,0.0,0.0,0.0,0.31,0.0
sesame oil,0.0,1.2820512820512822,0.0,0.0,0.0,0.0,0.0,0.0,0.0,0.0,0.0,0.0,0.0,0.0,0.0,0.09333333333333334,0.0,0.0,0.0,0.0,0.0,0.0,8.695652173913044e-05,0.11333333333333333,0.0,0.0,0.0,0.71,0.0
shallot,0.05,0.001282051282051282,0.06109090909090909,0.01574,0.11428571428571428,0.02846153846153846,0.06666666666666667,0.05,0.048,0.07106382978723404,0.0052173913043478265,0.03636363636363636,0.09777777777777778,2.1818181818181818e-05,0.0,0.0026666666666666666,0.0,0.05,0.015384615384615385,0.0125,0.20294117647058824,8.5e-05,0.00491304347826087,0.006666666666666667,0.085,0.0,0.0,0.00085,0.12695652173913044
shellfish,0.31,0.08551282051282051,0.01781818181818182,0.00014,0.007142857142857143,0.04923076923076923,0.029444444444444443,0.06190476190476191,0.2184,0.027872340425531914,0.15130434782608695,0.1009090909090909,0.23,0.0006054545454545454,0.07,0.16066666666666668,0.005,0.05583333333333333,0.03076923076923077,0.13625,0.1011764705882353,6e-05,0.03934782608695652,0.04666666666666666,0.07,0.0,0.4666666666666667,0.0615,0.0
sherry,0.0,0.0,0.0,0.0,0.0,0.0,0.0,0.0,0.0,0.0,0.0,0.0,0.0,0.0,0.0,0.0,0.0,0.0,0.0,0.0,0.0,0.0,0.0,0.0,0.0,0.0,0.0,0.0,0.0
shrimp,0.2352,0.0,0.0,0.0,0.0,0.054615384615384614,0.023333333333333334,0.0,0.0,0.0,0.21478260869565216,0.0,0.0,0.0,0.0,0.0,0.0,0.0,0.0,0.0,0.0,0.0,0.0,0.0,0.0,0.0,0.37333333333333335,0.0,0.0
snapper,0.4118,0.018846153846153846,0.0,0.0,0.0,0.024615384615384615,0.0,0.0,0.0,0.08872340425531915,0.02826086956521739,0.0,0.0,0.0,0.0,0.0,0.0,0.0,0.0,0.0,0.0,0.0,0.0,0.0,0.0,0.0,0.12666666666666668,0.0,0.0
sour cream,0.0666,0.21371794871794875,0.024254545454545456,0.00666,0.0,0.10230769230769231,0.0,0.0,0.0,0.049574468085106384,0.029130434782608697,0.0,0.0,0.0,0.0,0.0,0.0,0.0,0.0,0.0,0.0,0.0,0.0,0.0,0.0,0.0,0.22333333333333333,0.5835,0.0
soy,0.53,0.09423076923076923,0.19345454545454546,0.0036,0.125,0.13153846153846155,0.28888888888888886,0.40476190476190477,0.0056,0.0014893617021276596,0.3660869565217391,0.13636363636363635,2.7333333333333334,0.00021999999999999998,0.0,0.06733333333333333,0.0,0.2775,0.2684615384615385,0.18625,0.30176470588235293,0.0006,0.04826086956521739,0.09916666666666667,0.6,0.0,0.0,0.055,0.0
soy sauce,0.16280000000000003,0.007307692307692308,0.017927272727272726,0.0008,0.02857142857142857,0.025384615384615384,0.08055555555555556,0.1761904761904762,0.1328,0.0925531914893617,2.3869565217391306,0.07909090909090909,0.04777777777777778,9.090909090909091e-06,0.0,0.0,0.0,0.0275,0.12692307692307692,0.1375,0.08705882352941176,3.5e-05,0.007956521739130435,0.0,0.035,0.0,0.0,0.00365,0.0
sparkling wine,0.0014,0.0,0.0084,0.002,0.0,0.006923076923076923,0.016666666666666666,0.023809523809523808,0.0136,0.01574468085106383,0.002173913043478261,0.01,0.005555555555555556,1.8181818181818183e-06,0.0,0.0,0.0,0.0033333333333333335,0.010769230769230769,0.006625,0.02588235294117647,2.5e-06,0.0019130434782608696,0.0025,0.0025,0.0,0.0,0.0,0.0
spice,0.1152,0.16153846153846155,0.2519272727272727,0.01552,0.5285714285714286,0.5246153846153846,1.095,0.3238095238095238,0.0944,0.14106382978723403,0.022608695652173914,0.21545454545454545,0.5377777777777778,0.0001690909090909091,0.014444444444444444,0.12866666666666668,0.0,0.10916666666666666,0.10538461538461538,0.1401875,0.23529411764705882,6e-05,0.009043478260869564,0.23666666666666666,0.06,0.0,0.0,0.3265,6.888695652173913
spinach,0.0706,0.0,0.012836363636363637,0.0,0.08571428571428572,0.07230769230769231,0.17666666666666667,0.0,0.0,0.0,0.035652173913043476,0.0,0.0,0.0,0.0,0.0,0.0,0.0,0.0,0.0,0.0,0.00047,0.0,0.0,0.0,0.0,0.0,0.0,0.0
spritzer,0.0008,0.0,0.005890909090909091,0.00094,0.0,0.005384615384615384,0.012222222222222223,0.016666666666666666,0.0096,0.01276595744680851,0.004782608695652174,0.01090909090909091,0.0077777777777777776,1.8181818181818183e-06,0.0,0.0,0.0,0.0025,0.010769230769230769,0.0061875,0.018823529411764704,2.5e-06,0.0013043478260869566,0.0,0.0025,0.0,0.0,0.0,0.0
squash,0.013,0.035897435897435895,0.022763636363636364,0.0049,0.05,0.016153846153846154,0.018333333333333333,0.02619047619047619,0.0112,0.02425531914893617,0.06,0.017272727272727273,0.03777777777777778,5.4545454545454545e-06,0.01888888888888889,0.03333333333333333,0.0,0.030833333333333334,0.016153846153846154,0.049,0.06588235294117648,2e-05,0.003260869565217391,0.024166666666666666,0.02,0.0,0.006666666666666667,0.0363,0.0
squid,0.291,0.20974358974358975,0.013236363636363636,0.0,0.0,0.05615384615384615,0.07277777777777777,0.0,0.0,0.0,0.27652173913043476,0.0,0.0,0.0,0.0,0.0,0.0,0.0,0.0,0.0,0.0,0.0,0.0,0.0,0.0,0.0,0.09,0.1365,0.0
steak,0.0,0.0,0.40403636363636364,0.0,0.0,0.0,0.0,0.0,0.0,0.0,0.0,0.0,0.0,0.0,0.0,0.0,0.0,0.0,0.0,0.0,0.0,0.0,0.0,0.0,0.0,0.0,0.0,0.0,0.0
stew,0.1848,0.03,0.022872727272727274,0.00314,0.04642857142857143,0.010769230769230769,0.025555555555555557,0.04285714285714286,0.0744,0.053404255319148934,0.13434782608695653,0.053636363636363635,0.07111111111111111,0.00016,0.14666666666666667,0.017333333333333333,0.0,0.050833333333333335,0.07076923076923076,0.18125,0.1588235294117647,3.5e-05,0.014782608695652174,0.055,0.035,0.0,0.12333333333333334,0.0324,0.0
stock,0.0,0.011282051282051283,0.006436363636363637,0.00176,0.0,0.0,0.0,0.0,0.0,0.0,0.15391304347826087,0.0,0.0,0.0,0.0,0.0,0.0,0.0,0.0,0.0,0.0,0.0,0.0,0.0,0.0,0.0,0.0,0.0,0.0
strawberry,0.017,0.0,0.07705454545454546,0.0339,0.0,0.0,0.0,0.0,0.0,0.0,0.0,0.0,0.0,0.0,0.0,0.0,0.0,0.0,0.0,0.0,0.0,0.0,0.0,0.0,0.0,0.0,0.0,0.0,0.0
sugar snap pea,0.0454,0.0,0.02890909090909091,0.0091,0.08214285714285714,0.026153846153846153,0.044444444444444446,0.0,0.0,0.03872340425531915,0.0,0.0,0.0,0.0,0.0,0.0,0.0,0.0,0.0,0.0,0.0,0.0,0.0,0.0,0.0,0.0,0.0,0.0,0.0
swiss cheese,0.5218,0.3344871794871795,0.015818181818181818,0.0,0.0,0.6692307692307692,0.0,0.0,0.0,0.0,0.08521739130434783,0.0,0.0,0.0,0.0,0.0,0.0,0.0,0.0,0.0,0.0,0.0,0.0,0.0,0.0,0.0,0.29,0.8695,0.0
swordfish,0.438,0.15128205128205127,0.02832727272727273,0.00028,0.010714285714285714,0.011538461538461539,0.05444444444444444,0.08095238095238096,0.2264,0.09680851063829787,0.15130434782608695,0.07181818181818182,0.06555555555555556,0.001130909090909091,0.06,0.18733333333333332,0.73,0.13583333333333333,0.07846153846153846,0.550625,0.3235294117647059,4.5e-05,0.03173913043478261,0.03333333333333333,0.0675,0.0,0.25666666666666665,0.147,0.0
tamarind,0.056,0.007692307692307693,0.22727272727272727,0.0776,0.18214285714285713,0.05692307692307692,0.15555555555555556,0.21904761904761905,0.0904,0.13361702127659575,0.01217391304347826,0.00909090909090909,0.09555555555555556,2.3636363636363637e-05,0.0022222222222222222,0.006666666666666667,0.0,0.3566666666666667,0.11692307692307692,0.12125,0.03882352941176471,3.5e-05,0.0037391304347826086,0.02333333333333333,0.035,0.0,0.0,0.0136,0.0
tangerine,0.0,0.0,0.04949090909090909,0.02722,0.0,0.0,0.0,0.0,0.0,0.0,0.00608695652173913,0.0,0.0,0.0,0.0,0.0,0.0,0.0,0.0,0.0,0.0,0.0,0.0,0.0,0.0,0.0,0.0,0.0,0.0
tapioca,0.0,0.0,0.3030181818181818,0.0,0.0,0.0,0.0,0.0,0.0,0.0,0.0,0.0,0.0,0.0,0.0,0.0,0.0,0.0,0.0,0.0,0.0,0.0,0.0,0.0,0.0,0.0,0.0,0.0,0.0
tarragon,0.0,0.0,0.0,0.0,0.0,0.0,0.0,0.0,0.0,0.0,0.0,0.0,0.0,0.0,0.0,0.0,0.0,0.0,0.0,0.0,0.0,0.0,0.0,0.0,0.0,0.0,0.0,0.0,0.0
tart,0.0802,0.11564102564102564,0.2610909090909091,0.062,0.06428571428571428,0.009230769230769232,0.24166666666666667,0.02619047619047619,0.0568,0.01829787234042553,0.13521739130434782,0.03272727272727273,0.06888888888888889,6.181818181818182e-05,0.22444444444444445,0.04933333333333333,0.0,0.4325,0.38076923076923075,0.385625,0.2911764705882353,0.000225,0.0036521739130434784,0.16166666666666665,0.2875,0.0,0.0,0.1545,0.0
tea,0.0,0.0,0.030763636363636365,0.0165,0.0,0.0,0.0,0.0,0.0,0.0,0.0008695652173913044,0.0,0.0,0.0,0.0,0.0,0.0,0.0,0.0,0.0,0.0,0.0,0.0,0.0,0.0,0.0,0.0,0.0,0.0
tequila,0.0,0.0,0.0,0.0,0.0,0.0,0.0022222222222222222,0.0,0.0032,0.000425531914893617,0.0004347826086956522,0.0036363636363636364,0.023333333333333334,0.0,0.0,0.0,0.0,0.005,0.003076923076923077,0.0008125,0.000588235294117647,0.0,0.0,0.0,0.0,0.0,0.0,0.0,0.0
thyme,0.0,0.0,0.0,0.0,0.0,0.0,0.0,0.0,0.0,0.0,0.0,0.0,0.0,0.0,0.0,0.0,0.0,0.0,0.0,0.0,0.0,0.0,0.0,0.0,0.0,0.0,0.0,0.0,0.0
tilapia,0.375,0.04576923076923077,0.006509090909090909,0.0,0.0,0.013846153846153847,0.035555555555555556,0.0,0.0,0.0,0.19391304347826088,0.0,0.0,0.0,0.0,0.0,0.0,0.0,0.0,0.0,0.0,0.0,0.0,0.0,0.0,0.0,0.15,0.067,0.0
tofu,0.0,0.0,0.0,0.0,0.0,0.0,0.0,0.0,0.0,0.0,0.0,0.0,0.0,0.0,0.0,0.0,0.0,0.0,0.0,0.0,0.0,0.0,0.0,0.0,0.0,0.0,0.0,0.0,0.0
tomatillo,0.0192,0.013076923076923076,0.021236363636363637,0.00786,0.06785714285714285,0.005384615384615384,0.034444444444444444,0.047619047619047616,0.0312,0.05702127659574468,0.0004347826086956522,0.02,0.08777777777777777,9.090909090909091e-06,0.006666666666666667,0.025333333333333333,0.0,0.03666666666666667,0.026923076923076925,0.115625,0.03294117647058824,1.75e-05,0.0033043478260869567,0.08416666666666667,0.0175,0.0,0.0,0.00695,0.06652173913043478
tortillas,0.0714,0.02294871794871795,0.14287272727272726,0.0,0.12857142857142856,0.11,0.07166666666666667,0.0,0.0,0.0,0.0,0.0,0.0,0.0,0.0,0.0,0.0,0.0,0.0,0.0,0.0,0.0,0.0,0.0,0.0,0.0,0.0,0.0,0.0
tree nut,0.0058,0.0008974358974358974,0.0392,0.0,0.13214285714285715,0.006153846153846154,0.008888888888888889,0.011904761904761904,0.0032,0.0010638297872340426,0.10478260869565217,0.028181818181818183,0.22444444444444445,1.6363636363636363e-05,0.011111111111111112,0.0,0.0,0.0,0.23076923076923078,0.21875,0.10529411764705883,3.75e-05,0.0,0.0,0.0375,0.0,0.0,0.0,0.23434782608695653
triple sec,0.0,0.0,0.2302909090909091,0.12666,0.0,0.0,0.0,0.0,0.0,0.0,0.0,0.0,0.0,0.0,0.0,0.0,0.0,0.0,0.0,0.0,0.0,0.0,0.0,0.0,0.0,0.0,0.0,0.0,0.0
tropical fruit,0.0142,0.0,0.051963636363636365,0.02,0.075,0.0,0.014444444444444444,0.0,0.0,0.041063829787234045,0.0,0.0,0.0,0.0,0.0,0.0,0.0,0.0,0.0,0.0,0.0,0.0,0.0,0.0,0.0,0.0,0.0,0.0,0.0
trout,0.342,0.21666666666666667,0.042545454545454546,0.0004,0.017857142857142856,0.026153846153846153,0.06277777777777778,0.05714285714285714,0.156,0.06617021276595744,0.16608695652173913,0.04454545454545455,0.06888888888888889,0.00038363636363636367,0.06333333333333334,0.2686666666666667,0.605,0.18583333333333332,0.10615384615384615,0.32875,0.14411764705882352,8e-05,0.024478260869565217,0.1,0.1125,0.0,0.17,0.1355,0.0
tuna,0.1132,0.04833333333333333,0.03774545454545455,0.01132,0.03214285714285714,0.02923076923076923,0.03777777777777778,0.0,0.0,0.0,0.19260869565217392,0.0,0.0,0.0,0.0,0.0,0.0,0.0,0.0,0.0,0.0,0.0,0.0,0.0,0.0,0.0,0.016666666666666666,0.0235,0.0
turnip,0.0492,0.002435897435897436,0.012327272727272727,0.0,0.08571428571428572,0.0876923076923077,0.09055555555555556,0.04285714285714286,0.0192,0.017446808510638297,0.00782608695652174,0.014545454545454545,0.056666666666666664,1.6363636363636363e-05,0.3388888888888889,0.0,0.0,0.03666666666666667,0.06769230769230769,0.02425,0.04352941176470588,0.0001025,0.0,0.0,0.1025,0.0,0.0,0.0016,0.09565217391304348
vanilla,0.07,0.2076923076923077,0.08109090909090909,0.0412,0.0,0.09,0.01888888888888889,0.02619047619047619,0.084,0.03340425531914894,0.026521739130434784,0.042727272727272725,0.008888888888888889,6.363636363636364e-05,0.20222222222222222,0.034,0.015,0.034166666666666665,0.12846153846153846,0.005125,0.026470588235294117,2e-05,0.011304347826086957,0.010833333333333334,0.0225,0.0,0.30666666666666664,0.515,0.0
veal,0.356,0.10948717948717948,0.024509090909090907,0.00102,0.017857142857142856,0.010769230769230769,0.058333333333333334,0.05714285714285714,0.1136,0.044893617021276595,0.06391304347826086,0.10545454545454545,0.14222222222222222,0.00032545454545454544,0.04777777777777778,0.03866666666666667,0.025,0.0825,0.2053846153846154,0.333125,0.23588235294117646,4.25e-05,0.03821739130434783,0.13916666666666666,0.055,0.0,0.18333333333333332,0.1795,0.0
vegetable,0.046,0.002564102564102564,0.024727272727272726,0.00514,0.05357142857142857,0.021538461538461538,0.04611111111111111,0.05,0.0224,0.03574468085106383,0.013478260869565217,0.023636363636363636,0.07777777777777778,1.2727272727272727e-05,0.33666666666666667,0.034666666666666665,0.0,0.050833333333333335,0.05307692307692308,0.0486875,0.058823529411764705,0.0001,0.005826086956521739,0.20416666666666666,0.1,0.0,0.0,0.00175,0.0
venison,0.404,0.3217948717948718,0.0,0.0,0.0,0.013076923076923076,0.135,0.04523809523809524,0.1512,0.06106382978723404,0.36043478260869566,0.34454545454545454,0.10555555555555556,0.00019090909090909092,0.0077777777777777776,0.03133333333333333,0.025,0.33916666666666667,0.21769230769230768,0.454375,0.2223529411764706,1.25e-05,0.034608695652173914,0.008333333333333333,0.0125,0.0,0.3,0.488,0.0
vermouth,0.0,0.14243589743589744,0.0,0.0,0.0,0.0,0.0,0.0,0.0,0.0,0.7247826086956521,0.0,0.0,0.0,0.0,0.0,0.0,0.0,0.0,0.0,0.0,0.0,0.0,0.0,0.0,0.0,0.0,0.0,0.0
vinegar,0.0,0.0,0.003381818181818182,0.0008,0.0,0.005384615384615384,0.011111111111111112,0.011904761904761904,0.0064,0.015531914893617021,0.002173913043478261,0.0036363636363636364,0.008888888888888889,1.8181818181818183e-06,0.0,0.0,0.0,0.0,0.0,0.0,0.0,0.0,0.0,0.0,0.0,0.0,0.0,0.0,0.0
vodka,0.0,0.0,0.0,0.0,0.0,0.0,0.0022222222222222222,0.0,0.0032,0.000425531914893617,0.0004347826086956522,0.0036363636363636364,0.023333333333333334,0.0,0.0,0.0,0.0,0.005,0.003076923076923077,0.0008125,0.000588235294117647,0.0,0.0,0.0,0.0,0.0,0.0,0.0,0.0
walnut,0.2068,0.48628205128205126,0.13792727272727273,0.05518,0.24642857142857144,0.15923076923076923,0.20666666666666667,0.0,0.0,0.0,0.022608695652173914,0.0,0.0,0.0,0.0,0.0,0.0,0.0,0.0,0.0,0.0,0.0,0.0,0.0,0.0,0.0,0.056666666666666664,0.6035,0.0
wasabi,0.0446,0.13974358974358975,0.16774545454545456,0.0264,0.21785714285714286,0.031538461538461536,0.027777777777777776,0.05,0.0208,0.03872340425531915,1.4739130434782608,0.05545454545454546,0.06111111111111111,4e-05,0.0,0.26066666666666666,0.0,0.041666666666666664,0.05384615384615385,0.01,0.029411764705882353,2.5e-05,0.001,0.029166666666666667,0.025,0.0,0.0,0.10155000000000002,0.05956521739130435
watercress,0.048,0.03641025641025641,0.004909090909090909,0.00042,0.017857142857142856,0.09615384615384616,0.011666666666666667,0.05238095238095238,0.0504,0.07319148936170213,0.07521739130434782,0.01090909090909091,0.08888888888888889,1.6363636363636363e-05,0.18888888888888888,0.09666666666666666,0.0,0.07,0.09153846153846154,0.012375,0.08529411764705883,1.75e-05,0.0041739130434782605,2.183333333333333,0.0175,0.0,0.006666666666666667,0.0372,0.0
watermelon,0.0156,0.003205128205128205,0.027090909090909093,0.01254,0.014285714285714285,0.0,0.0,0.0,0.0,0.0,0.0,0.0,0.0,0.0,0.0,0.0,0.0,0.0,0.0,0.0,0.0,0.0,0.0,0.0,0.0,0.0,0.0,0.0,0.0
whiskey,0.0,0.0,0.0,0.0,0.0,0.0,0.0022222222222222222,0.0,0.0032,0.000425531914893617,0.0004347826086956522,0.0036363636363636364,0.023333333333333334,0.0,0.0,0.0,0.0,0.005,0.003076923076923077,0.0008125,0.000588235294117647,0.0,0.0,0.0,0.0,0.0,0.0,0.0,0.0
white wine,0.0014,0.0,0.009454545454545455,0.00192,0.0,0.006923076923076923,0.015,0.023809523809523808,0.0144,0.015106382978723404,0.002173913043478261,0.01090909090909091,0.0044444444444444444,1.8181818181818183e-06,0.0,0.0,0.0,0.004166666666666667,0.011538461538461539,0.00675,0.029411764705882353,2.5e-06,0.0018695652173913043,0.0033333333333333335,0.0025,0.0,0.0,0.0,0.0
whole wheat,0.2858,0.0,0.06494545454545454,0.0,0.0,0.11,0.28555555555555556,0.0,0.0,0.0,0.13826086956521738,0.0,0.0,0.0,0.0,0.0,0.0,0.0,0.0,0.0,0.0,0.0,0.0,0.0,0.0,0.0,0.0,0.0,0.0
wild rice,0.2666,0.01423076923076923,0.28283636363636366,0.0,0.15714285714285714,0.0,0.08888888888888889,0.0,0.2664,0.05680851063829787,0.0,0.30272727272727273,0.0,0.0,0.0,0.0,0.0,0.0,0.17461538461538462,0.4166875,0.2611764705882353,0.0,0.0,0.0,0.0,0.0,0.0,0.0,0.0
wine,0.0008,0.0,0.005890909090909091,0.00094,0.0,0.005384615384615384,0.012222222222222223,0.016666666666666666,0.0096,0.01276595744680851,0.004782608695652174,0.01090909090909091,0.0077777777777777776,1.8181818181818183e-06,0.0,0.0,0.0,0.0025,0.010769230769230769,0.0061875,0.018823529411764704,2.5e-06,0.0013043478260869566,0.0,0.0025,0.0,0.0,0.0,0.0
wok,0.0,1.2820512820512822,0.0,0.0,0.0,0.0,0.0,0.0,0.0,0.0,0.0,0.0,0.0,0.0,0.0,1.164,0.0,0.0,0.0,0.0,0.0,0.0,8.695652173913044e-05,0.5941666666666666,0.0,0.0,0.0,0.3879,0.0
yellow squash,0.02,0.0,0.01090909090909091,0.004,0.03571428571428571,0.007692307692307693,0.02,0.0,0.0,0.0,0.004347826086956522,0.0,0.0,0.0,0.0,0.0,0.0,0.0,0.0,0.0,0.0,0.0,0.0,0.0,0.0,0.0,0.0,0.0,0.0
yogurt,0.0704,0.04512820512820513,0.016036363636363637,0.00616,0.0,0.10153846153846154,0.0,0.030952380952380953,0.0,0.03276595744680851,0.020869565217391306,0.056363636363636366,0.0,0.0,0.0,0.0,0.0,0.0,0.11538461538461539,0.0,0.0,0.0,0.0,0.0,0.0,0.0,0.05,0.11,0.0
yuca,0.0236,0.0,0.10694545454545455,0.00236,0.125,0.009230769230769232,0.07055555555555555,0.0,0.0,0.07510638297872341,0.0,0.0,0.0,0.0,0.0,0.0,0.0,0.0,0.0,0.0,0.0,0.0,0.0,0.0,0.0,0.0,0.0,0.0,0.0
zucchini,0.021,0.0,0.01530909090909091,0.00632,0.039285714285714285,0.016153846153846154,0.024444444444444446,0.0,0.0,0.04723404255319149,0.0,0.0,0.0,0.0,0.0,0.0,0.0,0.0,0.0,0.0,0.0,0.0,0.0,0.0,0.0,0.0,0.0,0.0,0.0
turkey,0.195,0.01628205128205128,0.024654545454545453,0.00338,0.04642857142857143,0.03230769230769231,0.06333333333333334,0.0,0.0,0.0,0.22652173913043477,0.0,0.0,0.0,0.0,0.0,0.0,0.0,0.0,0.0,0.0,0.0,0.0,0.0,0.0,0.0,0.11333333333333333,0.021,0.0
